time,X,Y,Theta
0.0,0.0,0.0,0.022136174
0.0,0.04,0.0,0.019706205
0.0,0.08,0.0,0.0170272
0.0,0.12,0.0,0.014131486
0.0,0.16,0.0,0.011085503
0.0,0.2,0.0,0.007940885
0.0,0.24,0.0,0.004775375
0.0,0.28,0.0,0.001681447
0.0,0.32,0.0,-0.0012391917
0.0,0.36,0.0,-0.003909625
0.0,0.4,0.0,-0.0062526055
0.0,0.44,0.0,-0.008188013
0.0,0.48,0.0,-0.009633668
0.0,0.52,0.0,-0.010505535
0.0,0.56,0.0,-0.010713428
0.0,0.6,0.0,-0.010166459
0.0,0.64,0.0,-0.008767705
0.0,0.68,0.0,-0.00640906
0.0,0.72,0.0,-0.0029896721
0.0,0.76,0.0,0.0016075559
0.0,0.8,0.0,0.0075154714
0.0,0.84,0.0,0.014836613
0.0,0.88,0.0,0.023629772
0.0,0.92,0.0,0.033845812
0.0,0.96,0.0,0.045216106
0.0,1.0,0.0,0.057648774
0.0,0.0,0.04,0.021808904
0.0,0.04,0.04,0.019359875
0.0,0.08,0.04,0.016666621
0.0,0.12,0.04,0.013763443
0.0,0.16,0.04,0.010711238
0.0,0.2,0.04,0.0075641833
0.0,0.24,0.04,0.004401166
0.0,0.28,0.04,0.0013231114
0.0,0.32,0.04,-0.0015815161
0.0,0.36,0.04,-0.004238572
0.0,0.4,0.04,-0.006570235
0.0,0.44,0.04,-0.008497436
0.0,0.48,0.04,-0.009937361
0.0,0.52,0.04,-0.010808036
0.0,0.56,0.04,-0.011017904
0.0,0.6,0.04,-0.010475591
0.0,0.64,0.04,-0.00908424
0.0,0.68,0.04,-0.0067362413
0.0,0.72,0.04,-0.0033315867
0.0,0.76,0.04,0.0012400709
0.0,0.8,0.04,0.0071209036
0.0,0.84,0.04,0.014418311
0.0,0.88,0.04,0.023204215
0.0,0.92,0.04,0.033451308
0.0,0.96,0.04,0.044875167
0.0,1.0,0.04,0.05736604
0.0,0.0,0.08,0.021481019
0.0,0.04,0.08,0.019014351
0.0,0.08,0.08,0.016303025
0.0,0.12,0.08,0.013388444
0.0,0.16,0.08,0.010327473
0.0,0.2,0.08,0.007171225
0.0,0.24,0.08,0.0040160865
0.0,0.28,0.08,0.0009534173
0.0,0.32,0.08,-0.001935754
0.0,0.36,0.08,-0.0045788586
0.0,0.4,0.08,-0.0068992823
0.0,0.44,0.08,-0.008816794
0.0,0.48,0.08,-0.010250263
0.0,0.52,0.08,-0.011117876
0.0,0.56,0.08,-0.011328645
0.0,0.6,0.08,-0.01079008
0.0,0.64,0.08,-0.009404995
0.0,0.68,0.08,-0.007066082
0.0,0.72,0.08,-0.003673926
0.0,0.76,0.08,0.00087669864
0.0,0.8,0.08,0.0067313053
0.0,0.84,0.08,0.014007159
0.0,0.88,0.08,0.022782424
0.0,0.92,0.08,0.03305431
0.0,0.96,0.08,0.04453325
0.0,1.0,0.08,0.057083208
0.0,0.0,0.12,0.021152057
0.0,0.04,0.12,0.018669292
0.0,0.08,0.12,0.015941683
0.0,0.12,0.12,0.013011366
0.0,0.16,0.12,0.009938534
0.0,0.2,0.12,0.0067814887
0.0,0.24,0.12,0.0036342964
0.0,0.28,0.12,0.0005790666
0.0,0.32,0.12,-0.0022995323
0.0,0.36,0.12,-0.004929945
0.0,0.4,0.12,-0.0072382838
0.0,0.44,0.12,-0.009146258
0.0,0.48,0.12,-0.010572538
0.0,0.52,0.12,-0.011434875
0.0,0.56,0.12,-0.011645302
0.0,0.6,0.12,-0.011109784
0.0,0.64,0.12,-0.009730123
0.0,0.68,0.12,-0.007399626
0.0,0.72,0.12,-0.0040188916
0.0,0.76,0.12,0.0005163923
0.0,0.8,0.12,0.0063471533
0.0,0.84,0.12,0.013603173
0.0,0.88,0.12,0.022367302
0.0,0.92,0.12,0.032654673
0.0,0.96,0.12,0.044190418
0.0,1.0,0.12,0.05680034
0.0,0.0,0.16,0.020822428
0.0,0.04,0.16,0.018324431
0.0,0.08,0.16,0.015582066
0.0,0.12,0.16,0.012637414
0.0,0.16,0.16,0.009549696
0.0,0.2,0.16,0.0064001866
0.0,0.24,0.16,0.0032611378
0.0,0.28,0.16,0.00021404773
0.0,0.32,0.16,-0.0026588663
0.0,0.36,0.16,-0.005284518
0.0,0.4,0.16,-0.007586118
0.0,0.44,0.16,-0.0094850585
0.0,0.48,0.16,-0.010903418
0.0,0.52,0.16,-0.011759877
0.0,0.56,0.16,-0.011967555
0.0,0.6,0.16,-0.0114341825
0.0,0.64,0.16,-0.010058984
0.0,0.68,0.16,-0.007736258
0.0,0.72,0.16,-0.004366055
0.0,0.76,0.16,0.00015569106
0.0,0.8,0.16,0.0059668124
0.0,0.84,0.16,0.013203844
0.0,0.88,0.16,0.021955922
0.0,0.92,0.16,0.032250606
0.0,0.96,0.16,0.04384669
0.0,1.0,0.16,0.056518167
0.0,0.0,0.2,0.02049192
0.0,0.04,0.2,0.017980106
0.0,0.08,0.2,0.01522379
0.0,0.12,0.2,0.0122676715
0.0,0.16,0.2,0.00917805
0.0,0.2,0.2,0.006028995
0.0,0.24,0.2,0.0028967597
0.0,0.28,0.2,-0.00014241412
0.0,0.32,0.2,-0.003008481
0.0,0.36,0.2,-0.0056291223
0.0,0.4,0.2,-0.007928163
0.0,0.44,0.2,-0.009826049
0.0,0.48,0.2,-0.011241794
0.0,0.52,0.2,-0.012093179
0.0,0.56,0.2,-0.012296401
0.0,0.6,0.2,-0.01176291
0.0,0.64,0.2,-0.010391392
0.0,0.68,0.2,-0.008075394
0.0,0.72,0.2,-0.0047151
0.0,0.76,0.2,-0.00020565838
0.0,0.8,0.2,0.005590249
0.0,0.84,0.2,0.012808047
0.0,0.88,0.2,0.021546446
0.0,0.92,0.2,0.03184262
0.0,0.96,0.2,0.043496825
0.0,1.0,0.2,0.05623237
0.0,0.0,0.24,0.020160042
0.0,0.04,0.24,0.017635517
0.0,0.08,0.24,0.014868826
0.0,0.12,0.24,0.011913121
0.0,0.16,0.24,0.008824889
0.0,0.2,0.24,0.005674977
0.0,0.24,0.24,0.0025427267
0.0,0.28,0.24,-0.0004884675
0.0,0.32,0.24,-0.003347505
0.0,0.36,0.24,-0.005962707
0.0,0.4,0.24,-0.008258473
0.0,0.44,0.24,-0.010155626
0.0,0.48,0.24,-0.011573195
0.0,0.52,0.24,-0.012428135
0.0,0.56,0.24,-0.012631513
0.0,0.6,0.24,-0.01209683
0.0,0.64,0.24,-0.010727249
0.0,0.68,0.24,-0.008416902
0.0,0.72,0.24,-0.0050654225
0.0,0.76,0.24,-0.0005662106
0.0,0.8,0.24,0.0052178875
0.0,0.84,0.24,0.012416579
0.0,0.88,0.24,0.021139108
0.0,0.92,0.24,0.031434387
0.0,0.96,0.24,0.043139473
0.0,1.0,0.24,0.05594042
0.0,0.0,0.28,0.019826636
0.0,0.04,0.28,0.017292839
0.0,0.08,0.28,0.014526967
0.0,0.12,0.28,0.011575814
0.0,0.16,0.28,0.008489493
0.0,0.2,0.28,0.005338747
0.0,0.24,0.28,0.0022055618
0.0,0.28,0.28,-0.0008237362
0.0,0.32,0.28,-0.0036754534
0.0,0.36,0.28,-0.006284982
0.0,0.4,0.28,-0.008576572
0.0,0.44,0.28,-0.01047188
0.0,0.48,0.28,-0.011890158
0.0,0.52,0.28,-0.012749121
0.0,0.56,0.28,-0.012958296
0.0,0.6,0.28,-0.012430817
0.0,0.64,0.28,-0.011066332
0.0,0.68,0.28,-0.008760452
0.0,0.72,0.28,-0.005416427
0.0,0.76,0.28,-0.00092532486
0.0,0.8,0.28,0.0048482493
0.0,0.84,0.28,0.012029737
0.0,0.88,0.28,0.02073457
0.0,0.92,0.28,0.031028768
0.0,0.96,0.28,0.042774197
0.0,1.0,0.28,0.05564215
0.0,0.0,0.32,0.019494697
0.0,0.04,0.32,0.016962841
0.0,0.08,0.32,0.014202405
0.0,0.12,0.32,0.011256475
0.0,0.16,0.32,0.00817116
0.0,0.2,0.32,0.005020112
0.0,0.24,0.32,0.0018872172
0.0,0.28,0.32,-0.0011422113
0.0,0.32,0.32,-0.0039915405
0.0,0.36,0.32,-0.006594695
0.0,0.4,0.32,-0.008881815
0.0,0.44,0.32,-0.010774672
0.0,0.48,0.32,-0.012193263
0.0,0.52,0.32,-0.013054654
0.0,0.56,0.32,-0.013270244
0.0,0.6,0.32,-0.012748949
0.0,0.64,0.32,-0.011394493
0.0,0.68,0.32,-0.009101629
0.0,0.72,0.32,-0.005768098
0.0,0.76,0.32,-0.0012833029
0.0,0.8,0.32,0.0044813715
0.0,0.84,0.32,0.011647269
0.0,0.88,0.32,0.020334806
0.0,0.92,0.32,0.030624945
0.0,0.96,0.32,0.042402476
0.0,1.0,0.32,0.0553372
0.0,0.0,0.36,0.019174784
0.0,0.04,0.36,0.01664919
0.0,0.08,0.36,0.013895165
0.0,0.12,0.36,0.010953888
0.0,0.16,0.36,0.007869624
0.0,0.2,0.36,0.004719097
0.0,0.24,0.36,0.0015871748
0.0,0.28,0.36,-0.0014413819
0.0,0.32,0.36,-0.0042912997
0.0,0.36,0.36,-0.0068922527
0.0,0.4,0.36,-0.009174213
0.0,0.44,0.36,-0.011063755
0.0,0.48,0.36,-0.0124816075
0.0,0.52,0.36,-0.013344981
0.0,0.56,0.36,-0.01356522
0.0,0.6,0.36,-0.013050616
0.0,0.64,0.36,-0.01170399
0.0,0.68,0.36,-0.009423524
0.0,0.72,0.36,-0.006104663
0.0,0.76,0.36,-0.0016349517
0.0,0.8,0.36,0.00411696
0.0,0.84,0.36,0.011269707
0.0,0.88,0.36,0.01993956
0.0,0.92,0.36,0.030224334
0.0,0.96,0.36,0.042029783
0.0,1.0,0.36,0.055025313
0.0,0.0,0.4,0.018870942
0.0,0.04,0.4,0.016352199
0.0,0.08,0.4,0.013604872
0.0,0.12,0.4,0.010668494
0.0,0.16,0.4,0.00758449
0.0,0.2,0.4,0.0044352002
0.0,0.24,0.4,0.0013054013
0.0,0.28,0.4,-0.0017215684
0.0,0.32,0.4,-0.004571043
0.0,0.36,0.4,-0.0071729906
0.0,0.4,0.4,-0.00945273
0.0,0.44,0.4,-0.011338979
0.0,0.48,0.4,-0.012755021
0.0,0.52,0.4,-0.013619229
0.0,0.56,0.4,-0.013843685
0.0,0.6,0.4,-0.013335697
0.0,0.64,0.4,-0.011995681
0.0,0.68,0.4,-0.009724811
0.0,0.72,0.4,-0.0064176507
0.0,0.76,0.4,-0.0019634925
0.0,0.8,0.4,0.0037699677
0.0,0.84,0.4,0.010901462
0.0,0.88,0.4,0.019549906
0.0,0.92,0.4,0.029826295
0.0,0.96,0.4,0.041657347
0.0,1.0,0.4,0.05470614
0.0,0.0,0.44,0.018583298
0.0,0.04,0.44,0.016071841
0.0,0.08,0.44,0.013331257
0.0,0.12,0.44,0.010398392
0.0,0.16,0.44,0.0073158704
0.0,0.2,0.44,0.0041686706
0.0,0.24,0.44,0.0010416061
0.0,0.28,0.44,-0.0019829907
0.0,0.32,0.44,-0.004831195
0.0,0.36,0.44,-0.0074333698
0.0,0.4,0.44,-0.009714708
0.0,0.44,0.44,-0.011598684
0.0,0.48,0.44,-0.013012923
0.0,0.52,0.44,-0.013877481
0.0,0.56,0.44,-0.014105059
0.0,0.6,0.44,-0.013602935
0.0,0.64,0.44,-0.012268789
0.0,0.68,0.44,-0.010005027
0.0,0.72,0.44,-0.0067074
0.0,0.76,0.44,-0.0022670925
0.0,0.8,0.44,0.0034491494
0.0,0.84,0.44,0.010558866
0.0,0.88,0.44,0.019180275
0.0,0.92,0.44,0.029436175
0.0,0.96,0.44,0.041285038
0.0,1.0,0.44,0.054379527
0.0,0.0,0.48,0.018311635
0.0,0.04,0.48,0.015807517
0.0,0.08,0.48,0.013074908
0.0,0.12,0.48,0.010144111
0.0,0.16,0.48,0.007063616
0.0,0.2,0.48,0.0039188303
0.0,0.24,0.48,0.00079553947
0.0,0.28,0.48,-0.0022255965
0.0,0.32,0.48,-0.0050716177
0.0,0.36,0.48,-0.007672891
0.0,0.4,0.48,-0.009955637
0.0,0.44,0.48,-0.011842273
0.0,0.48,0.48,-0.013254926
0.0,0.52,0.48,-0.014119141
0.0,0.56,0.48,-0.014348909
0.0,0.6,0.48,-0.0138513
0.0,0.64,0.48,-0.012523085
0.0,0.68,0.48,-0.010264114
0.0,0.72,0.48,-0.006974496
0.0,0.76,0.48,-0.0025453717
0.0,0.8,0.48,0.0031550527
0.0,0.84,0.48,0.010244895
0.0,0.88,0.48,0.018840581
0.0,0.92,0.48,0.029072618
0.0,0.96,0.48,0.040928766
0.0,1.0,0.48,0.054054447
0.0,0.0,0.52,0.018055834
0.0,0.04,0.52,0.015559677
0.0,0.08,0.52,0.012834355
0.0,0.12,0.52,0.009904847
0.0,0.16,0.52,0.0068272576
0.0,0.2,0.52,0.003685791
0.0,0.24,0.52,0.0005667284
0.0,0.28,0.52,-0.0024500638
0.0,0.32,0.52,-0.0052927956
0.0,0.36,0.52,-0.0078922175
0.0,0.4,0.52,-0.01017499
0.0,0.44,0.52,-0.012063667
0.0,0.48,0.52,-0.013479784
0.0,0.52,0.52,-0.014343515
0.0,0.56,0.52,-0.014575079
0.0,0.6,0.52,-0.014081165
0.0,0.64,0.52,-0.012757607
0.0,0.68,0.52,-0.010502122
0.0,0.72,0.52,-0.0072188415
0.0,0.76,0.52,-0.0027995296
0.0,0.8,0.52,0.0028875694
0.0,0.84,0.52,0.009958401
0.0,0.88,0.52,0.018531092
0.0,0.92,0.52,0.028737783
0.0,0.96,0.52,0.040598225
0.0,1.0,0.52,0.05375473
0.0,0.0,0.56,0.017815478
0.0,0.04,0.56,0.015327439
0.0,0.08,0.56,0.01260858
0.0,0.12,0.56,0.009680837
0.0,0.16,0.56,0.0066064894
0.0,0.2,0.56,0.003469415
0.0,0.24,0.56,0.00035537407
0.0,0.28,0.56,-0.0026565678
0.0,0.32,0.56,-0.005495347
0.0,0.36,0.56,-0.008091986
0.0,0.4,0.56,-0.010373406
0.0,0.44,0.56,-0.012262978
0.0,0.48,0.56,-0.01368244
0.0,0.52,0.56,-0.014549874
0.0,0.56,0.56,-0.014783025
0.0,0.6,0.56,-0.014291674
0.0,0.64,0.56,-0.01297047
0.0,0.68,0.56,-0.0107182935
0.0,0.72,0.56,-0.0074403584
0.0,0.76,0.56,-0.0030290484
0.0,0.8,0.56,0.0026458427
0.0,0.84,0.56,0.009699907
0.0,0.88,0.56,0.01825041
0.0,0.92,0.56,0.02843133
0.0,0.96,0.56,0.04029385
0.0,1.0,0.56,0.053484373
0.0,0.0,0.6,0.017590545
0.0,0.04,0.6,0.015111156
0.0,0.08,0.6,0.012396716
0.0,0.12,0.6,0.009471454
0.0,0.16,0.6,0.006401092
0.0,0.2,0.6,0.0032689609
0.0,0.24,0.6,0.00016090274
0.0,0.28,0.6,-0.0028452687
0.0,0.32,0.6,-0.005679138
0.0,0.36,0.6,-0.008272126
0.0,0.4,0.6,-0.010551348
0.0,0.44,0.6,-0.012440704
0.0,0.48,0.6,-0.013861954
0.0,0.52,0.6,-0.014734
0.0,0.56,0.6,-0.0149720535
0.0,0.6,0.6,-0.0144822
0.0,0.64,0.6,-0.0131616965
0.0,0.68,0.6,-0.010912724
0.0,0.72,0.6,-0.007638864
0.0,0.76,0.6,-0.0032339878
0.0,0.8,0.6,0.0024301223
0.0,0.84,0.6,0.009469122
0.0,0.88,0.6,0.0179995
0.0,0.92,0.6,0.02815489
0.0,0.96,0.6,0.040015094
0.0,1.0,0.6,0.05324296
0.0,0.0,0.64,0.017381113
0.0,0.04,0.64,0.014909498
0.0,0.08,0.64,0.012199365
0.0,0.12,0.64,0.009276651
0.0,0.16,0.64,0.0062111765
0.0,0.2,0.64,0.0030845664
0.0,0.24,0.64,-1.654774e-05
0.0,0.28,0.64,-0.0030164942
0.0,0.32,0.64,-0.0058444366
0.0,0.36,0.64,-0.008432988
0.0,0.4,0.64,-0.010708913
0.0,0.44,0.64,-0.012596972
0.0,0.48,0.64,-0.014018543
0.0,0.52,0.64,-0.014893949
0.0,0.56,0.64,-0.015138358
0.0,0.6,0.64,-0.014651477
0.0,0.64,0.64,-0.013330951
0.0,0.68,0.64,-0.011084363
0.0,0.72,0.64,-0.007813953
0.0,0.76,0.64,-0.0034147166
0.0,0.8,0.64,0.0022402704
0.0,0.84,0.64,0.009265628
0.0,0.88,0.64,0.017777253
0.0,0.92,0.64,0.02790888
0.0,0.96,0.64,0.03976143
0.0,1.0,0.64,0.053030282
0.0,0.0,0.68,0.017186325
0.0,0.04,0.68,0.014721595
0.0,0.08,0.68,0.012015376
0.0,0.12,0.68,0.009096075
0.0,0.16,0.68,0.006036002
0.0,0.2,0.68,0.0029157065
0.0,0.24,0.68,-0.00017803162
0.0,0.28,0.68,-0.0031705573
0.0,0.32,0.68,-0.0059920214
0.0,0.36,0.68,-0.00857478
0.0,0.4,0.68,-0.010846421
0.0,0.44,0.68,-0.012731984
0.0,0.48,0.68,-0.014153108
0.0,0.52,0.68,-0.015029997
0.0,0.56,0.68,-0.0152791515
0.0,0.6,0.68,-0.0147963315
0.0,0.64,0.68,-0.0134774
0.0,0.68,0.68,-0.011232488
0.0,0.72,0.68,-0.007965416
0.0,0.76,0.68,-0.003570225
0.0,0.8,0.68,0.0020765513
0.0,0.84,0.68,0.009089332
0.0,0.88,0.68,0.017583907
0.0,0.92,0.68,0.027693423
0.0,0.96,0.68,0.039533734
0.0,1.0,0.68,0.05285013
0.0,0.0,0.72,0.017005235
0.0,0.04,0.72,0.014546979
0.0,0.08,0.72,0.011845127
0.0,0.12,0.72,0.008929491
0.0,0.16,0.72,0.0058751814
0.0,0.2,0.72,0.002762258
0.0,0.24,0.72,-0.0003233254
0.0,0.28,0.72,-0.0033077635
0.0,0.32,0.72,-0.006121576
0.0,0.36,0.72,-0.0086978525
0.0,0.4,0.72,-0.010964364
0.0,0.44,0.72,-0.012846209
0.0,0.48,0.72,-0.014265776
0.0,0.52,0.72,-0.015143022
0.0,0.56,0.72,-0.015394665
0.0,0.6,0.72,-0.014913127
0.0,0.64,0.72,-0.013598591
0.0,0.68,0.72,-0.011356585
0.0,0.72,0.72,-0.008092664
0.0,0.76,0.72,-0.0037005283
0.0,0.8,0.72,0.0019393973
0.0,0.84,0.72,0.00894038
0.0,0.88,0.72,0.017418962
0.0,0.92,0.72,0.027507622
0.0,0.96,0.72,0.039335314
0.0,1.0,0.72,0.052705858
0.0,0.0,0.76,0.016833898
0.0,0.04,0.76,0.014386166
0.0,0.08,0.76,0.011687744
0.0,0.12,0.76,0.008776642
0.0,0.16,0.76,0.005728647
0.0,0.2,0.76,0.00262383
0.0,0.24,0.76,-0.0004528053
0.0,0.28,0.76,-0.0034288056
0.0,0.32,0.76,-0.006234102
0.0,0.36,0.76,-0.008802831
0.0,0.4,0.76,-0.011063412
0.0,0.44,0.76,-0.012940325
0.0,0.48,0.76,-0.014356993
0.0,0.52,0.76,-0.015233584
0.0,0.56,0.76,-0.015484676
0.0,0.6,0.76,-0.015002601
0.0,0.64,0.76,-0.013690896
0.0,0.68,0.76,-0.011454664
0.0,0.72,0.76,-0.008194625
0.0,0.76,0.76,-0.0038054213
0.0,0.8,0.76,0.0018290728
0.0,0.84,0.76,0.008819513
0.0,0.88,0.76,0.017282918
0.0,0.92,0.76,0.027352437
0.0,0.96,0.76,0.03917229
0.0,1.0,0.76,0.052598353
0.0,0.0,0.8,0.016671464
0.0,0.04,0.8,0.014237884
0.0,0.08,0.8,0.011543591
0.0,0.12,0.8,0.008637078
0.0,0.16,0.8,0.0055960305
0.0,0.2,0.8,0.0025003254
0.0,0.24,0.8,-0.0005669184
0.0,0.28,0.8,-0.003533177
0.0,0.32,0.8,-0.006329786
0.0,0.36,0.8,-0.008889988
0.0,0.4,0.8,-0.011143327
0.0,0.44,0.8,-0.013014443
0.0,0.48,0.8,-0.014427036
0.0,0.52,0.8,-0.015301287
0.0,0.56,0.8,-0.015549026
0.0,0.6,0.8,-0.015065365
0.0,0.64,0.8,-0.013754711
0.0,0.68,0.8,-0.01152277
0.0,0.72,0.8,-0.008269839
0.0,0.76,0.8,-0.0038845725
0.0,0.8,0.8,0.001745332
0.0,0.84,0.8,0.008727569
0.0,0.88,0.8,0.01717648
0.0,0.92,0.8,0.027230488
0.0,0.96,0.8,0.039046876
0.0,1.0,0.8,0.052527554
0.0,0.0,0.84,0.01651974
0.0,0.04,0.84,0.014102377
0.0,0.08,0.84,0.011413246
0.0,0.12,0.84,0.008511532
0.0,0.16,0.84,0.005477719
0.0,0.2,0.84,0.0023917295
0.0,0.24,0.84,-0.0006656386
0.0,0.28,0.84,-0.0036220253
0.0,0.32,0.84,-0.006408777
0.0,0.36,0.84,-0.008959979
0.0,0.4,0.84,-0.011204928
0.0,0.44,0.84,-0.0130692795
0.0,0.48,0.84,-0.014476404
0.0,0.52,0.84,-0.015346259
0.0,0.56,0.84,-0.015588537
0.0,0.6,0.84,-0.015101589
0.0,0.64,0.84,-0.013790429
0.0,0.68,0.84,-0.01156117
0.0,0.72,0.84,-0.00831417
0.0,0.76,0.84,-0.0039370954
0.0,0.8,0.84,0.0016891211
0.0,0.84,0.84,0.008663282
0.0,0.88,0.84,0.017101146
0.0,0.92,0.84,0.027146261
0.0,0.96,0.84,0.038961384
0.0,1.0,0.84,0.05249282
0.0,0.0,0.88,0.016376711
0.0,0.04,0.88,0.013980262
0.0,0.08,0.88,0.011300862
0.0,0.12,0.88,0.008404508
0.0,0.16,0.88,0.0053781345
0.0,0.2,0.88,0.002301883
0.0,0.24,0.88,-0.0007450171
0.0,0.28,0.88,-0.003691122
0.0,0.32,0.88,-0.0064679235
0.0,0.36,0.88,-0.009010017
0.0,0.4,0.88,-0.011246726
0.0,0.44,0.88,-0.013103768
0.0,0.48,0.88,-0.014505006
0.0,0.52,0.88,-0.015369095
0.0,0.56,0.88,-0.015603878
0.0,0.6,0.88,-0.015112005
0.0,0.64,0.88,-0.013798714
0.0,0.68,0.88,-0.011570044
0.0,0.72,0.88,-0.008327175
0.0,0.76,0.88,-0.003957428
0.0,0.8,0.88,0.0016603619
0.0,0.84,0.88,0.008628115
0.0,0.88,0.88,0.017060697
0.0,0.92,0.88,0.02710128
0.0,0.96,0.88,0.03891847
0.0,1.0,0.88,0.05249589
0.0,0.0,0.92,0.016239174
0.0,0.04,0.92,0.013865188
0.0,0.08,0.92,0.011203058
0.0,0.12,0.92,0.008315451
0.0,0.16,0.92,0.0052968115
0.0,0.2,0.92,0.002231717
0.0,0.24,0.92,-0.0008043237
0.0,0.28,0.92,-0.0037396885
0.0,0.32,0.92,-0.006505877
0.0,0.36,0.92,-0.009037472
0.0,0.4,0.92,-0.011264935
0.0,0.44,0.92,-0.013114192
0.0,0.48,0.92,-0.014508501
0.0,0.52,0.92,-0.0153656155
0.0,0.56,0.92,-0.015592322
0.0,0.6,0.92,-0.0150946975
0.0,0.64,0.92,-0.013778552
0.0,0.68,0.92,-0.011549816
0.0,0.72,0.92,-0.008309357
0.0,0.76,0.92,-0.0039449073
0.0,0.8,0.92,0.0016625598
0.0,0.84,0.92,0.008625194
0.0,0.88,0.92,0.017055277
0.0,0.92,0.92,0.02709682
0.0,0.96,0.92,0.038919624
0.0,1.0,0.92,0.05253779
0.0,0.0,0.96,0.016107008
0.0,0.04,0.96,0.0137550235
0.0,0.08,0.96,0.011111379
0.0,0.12,0.96,0.008239504
0.0,0.16,0.96,0.0052337423
0.0,0.2,0.96,0.0021806695
0.0,0.24,0.96,-0.0008438006
0.0,0.28,0.96,-0.0037676804
0.0,0.32,0.96,-0.006522525
0.0,0.36,0.96,-0.009043217
0.0,0.4,0.96,-0.01126086
0.0,0.44,0.96,-0.0131009
0.0,0.48,0.96,-0.014486387
0.0,0.52,0.96,-0.015334725
0.0,0.56,0.96,-0.01555112
0.0,0.6,0.96,-0.015046723
0.0,0.64,0.96,-0.013726637
0.0,0.68,0.96,-0.011496887
0.0,0.72,0.96,-0.008258622
0.0,0.76,0.96,-0.003899224
0.0,0.8,0.96,0.0017006323
0.0,0.84,0.96,0.008658692
0.0,0.88,0.96,0.01708544
0.0,0.92,0.96,0.02713586
0.0,0.96,0.96,0.03896575
0.0,1.0,0.96,0.052620426
0.0,0.0,1.0,0.015980087
0.0,0.04,1.0,0.013649516
0.0,0.08,1.0,0.011026114
0.0,0.12,1.0,0.008172065
0.0,0.16,1.0,0.0051819086
0.0,0.2,1.0,0.0021462403
0.0,0.24,1.0,-0.0008644238
0.0,0.28,1.0,-0.003776092
0.0,0.32,1.0,-0.0065185167
0.0,0.36,1.0,-0.009027824
0.0,0.4,1.0,-0.011234269
0.0,0.44,1.0,-0.013064481
0.0,0.48,1.0,-0.014439449
0.0,0.52,1.0,-0.015276432
0.0,0.56,1.0,-0.015481561
0.0,0.6,1.0,-0.014968529
0.0,0.64,1.0,-0.0136430785
0.0,0.68,1.0,-0.011410765
0.0,0.72,1.0,-0.00817249
0.0,0.76,1.0,-0.0038161725
0.0,0.8,1.0,0.0017809197
0.0,0.84,1.0,0.008733861
0.0,0.88,1.0,0.017156936
0.0,0.92,1.0,0.027218029
0.0,0.96,1.0,0.039056957
0.0,1.0,1.0,0.052744877
0.25,0.0,0.0,-0.0071692765
0.25,0.04,0.0,-0.0020046681
0.25,0.08,0.0,0.0031252056
0.25,0.12,0.0,0.008256536
0.25,0.16,0.0,0.013441678
0.25,0.2,0.0,0.018756643
0.25,0.24,0.0,0.024266092
0.25,0.28,0.0,0.030047126
0.25,0.32,0.0,0.036165476
0.25,0.36,0.0,0.042687446
0.25,0.4,0.0,0.04968029
0.25,0.44,0.0,0.05721242
0.25,0.48,0.0,0.06535402
0.25,0.52,0.0,0.07417737
0.25,0.56,0.0,0.08375698
0.25,0.6,0.0,0.094164506
0.25,0.64,0.0,0.10547519
0.25,0.68,0.0,0.11777049
0.25,0.72,0.0,0.13112788
0.25,0.76,0.0,0.14563268
0.25,0.8,0.0,0.1613819
0.25,0.84,0.0,0.17847474
0.25,0.88,0.0,0.19700068
0.25,0.92,0.0,0.21702978
0.25,0.96,0.0,0.23858677
0.25,1.0,0.0,0.2615329
0.25,0.0,0.04,-0.0071851052
0.25,0.04,0.04,-0.0020257756
0.25,0.08,0.04,0.0030979104
0.25,0.12,0.04,0.008222219
0.25,0.16,0.04,0.013402913
0.25,0.2,0.04,0.018720776
0.25,0.24,0.04,0.02424148
0.25,0.28,0.04,0.030033171
0.25,0.32,0.04,0.036161385
0.25,0.36,0.04,0.042691983
0.25,0.4,0.04,0.049692117
0.25,0.44,0.04,0.05722989
0.25,0.48,0.04,0.065375276
0.25,0.52,0.04,0.074200265
0.25,0.56,0.04,0.08377922
0.25,0.6,0.04,0.094187684
0.25,0.64,0.04,0.105497055
0.25,0.68,0.04,0.11778834
0.25,0.72,0.04,0.13114366
0.25,0.76,0.04,0.1456445
0.25,0.8,0.04,0.16138671
0.25,0.84,0.04,0.17847112
0.25,0.88,0.04,0.19699071
0.25,0.92,0.04,0.21702859
0.25,0.96,0.04,0.23861353
0.25,1.0,0.04,0.26162136
0.25,0.0,0.08,-0.0072085224
0.25,0.04,0.08,-0.0020545945
0.25,0.08,0.08,0.0030632801
0.25,0.12,0.08,0.00818193
0.25,0.16,0.08,0.013358489
0.25,0.2,0.08,0.01867215
0.25,0.24,0.08,0.02419855
0.25,0.28,0.08,0.030001193
0.25,0.32,0.08,0.036139715
0.25,0.36,0.08,0.042679414
0.25,0.4,0.08,0.04968769
0.25,0.44,0.08,0.05723228
0.25,0.48,0.08,0.06538277
0.25,0.52,0.08,0.07420995
0.25,0.56,0.08,0.08378808
0.25,0.6,0.08,0.09419393
0.25,0.64,0.08,0.10550378
0.25,0.68,0.08,0.11779271
0.25,0.72,0.08,0.1311456
0.25,0.76,0.08,0.14564404
0.25,0.8,0.08,0.16138116
0.25,0.84,0.08,0.17845783
0.25,0.88,0.08,0.19697186
0.25,0.92,0.08,0.21701196
0.25,0.96,0.08,0.23862307
0.25,1.0,0.08,0.26169342
0.25,0.0,0.12,-0.0072397403
0.25,0.04,0.12,-0.0020903386
0.25,0.08,0.12,0.0030219033
0.25,0.12,0.12,0.008135509
0.25,0.16,0.12,0.013308022
0.25,0.2,0.12,0.018618379
0.25,0.24,0.12,0.024141885
0.25,0.28,0.12,0.029952116
0.25,0.32,0.12,0.03610094
0.25,0.36,0.12,0.042650692
0.25,0.4,0.12,0.04966701
0.25,0.44,0.12,0.057218514
0.25,0.48,0.12,0.06537345
0.25,0.52,0.12,0.074203864
0.25,0.56,0.12,0.08378314
0.25,0.6,0.12,0.09418725
0.25,0.64,0.12,0.1054956
0.25,0.68,0.12,0.11778421
0.25,0.72,0.12,0.13113412
0.25,0.76,0.12,0.145632
0.25,0.8,0.12,0.16136594
0.25,0.84,0.12,0.17843613
0.25,0.88,0.12,0.19694537
0.25,0.92,0.12,0.21698321
0.25,0.96,0.12,0.23861843
0.25,1.0,0.12,0.26174998
0.25,0.0,0.16,-0.007279206
0.25,0.04,0.16,-0.0021350645
0.25,0.08,0.16,0.0029722191
0.25,0.12,0.16,0.008081421
0.25,0.16,0.16,0.013251036
0.25,0.2,0.16,0.018557817
0.25,0.24,0.16,0.024078708
0.25,0.28,0.16,0.029886603
0.25,0.32,0.16,0.03604404
0.25,0.36,0.16,0.04260306
0.25,0.4,0.16,0.04962807
0.25,0.44,0.16,0.05718673
0.25,0.48,0.16,0.065347865
0.25,0.52,0.16,0.07418245
0.25,0.56,0.16,0.083763584
0.25,0.6,0.16,0.0941678
0.25,0.64,0.16,0.10547376
0.25,0.68,0.16,0.11776326
0.25,0.72,0.16,0.1311121
0.25,0.76,0.16,0.14560872
0.25,0.8,0.16,0.16134116
0.25,0.84,0.16,0.17840673
0.25,0.88,0.16,0.19691113
0.25,0.92,0.16,0.21694775
0.25,0.96,0.16,0.2386
0.25,1.0,0.16,0.26179174
0.25,0.0,0.2,-0.0073302463
0.25,0.04,0.2,-0.002190698
0.25,0.08,0.2,0.0029119551
0.25,0.12,0.2,0.008017257
0.25,0.16,0.2,0.013184264
0.25,0.2,0.2,0.018488608
0.25,0.24,0.2,0.024007646
0.25,0.28,0.2,0.029813102
0.25,0.32,0.2,0.03596946
0.25,0.36,0.2,0.04253775
0.25,0.4,0.2,0.049571596
0.25,0.44,0.2,0.057138212
0.25,0.48,0.2,0.06530558
0.25,0.52,0.2,0.07414518
0.25,0.56,0.2,0.083729684
0.25,0.6,0.2,0.09413467
0.25,0.64,0.2,0.10543978
0.25,0.68,0.2,0.117727235
0.25,0.72,0.2,0.13107726
0.25,0.76,0.2,0.14557377
0.25,0.8,0.2,0.16130671
0.25,0.84,0.2,0.17837024
0.25,0.88,0.2,0.1968702
0.25,0.92,0.2,0.21690646
0.25,0.96,0.2,0.23856872
0.25,1.0,0.2,0.26182044
0.25,0.0,0.24,-0.0073932484
0.25,0.04,0.24,-0.002257362
0.25,0.08,0.24,0.0028403774
0.25,0.12,0.24,0.007943343
0.25,0.16,0.24,0.0131083205
0.25,0.2,0.24,0.018410888
0.25,0.24,0.24,0.023928763
0.25,0.28,0.24,0.02973299
0.25,0.32,0.24,0.03588699
0.25,0.36,0.24,0.042455275
0.25,0.4,0.24,0.049499087
0.25,0.44,0.24,0.057073995
0.25,0.48,0.24,0.06524839
0.25,0.52,0.24,0.074093506
0.25,0.56,0.24,0.083682306
0.25,0.6,0.24,0.094089285
0.25,0.64,0.24,0.10539408
0.25,0.68,0.24,0.117678784
0.25,0.72,0.24,0.1310283
0.25,0.76,0.24,0.1455248
0.25,0.8,0.24,0.16125971
0.25,0.84,0.24,0.17832303
0.25,0.88,0.24,0.19682088
0.25,0.92,0.24,0.21685833
0.25,0.96,0.24,0.23852676
0.25,1.0,0.24,0.26183674
0.25,0.0,0.28,-0.007466398
0.25,0.04,0.28,-0.0023352578
0.25,0.08,0.28,0.0027585477
0.25,0.12,0.28,0.007860005
0.25,0.16,0.28,0.013023563
0.25,0.2,0.28,0.018324956
0.25,0.24,0.28,0.023842743
0.25,0.28,0.28,0.029646123
0.25,0.32,0.28,0.035799235
0.25,0.36,0.28,0.042365313
0.25,0.4,0.28,0.0494106
0.25,0.44,0.28,0.056994863
0.25,0.48,0.28,0.0651773
0.25,0.52,0.28,0.07402855
0.25,0.56,0.28,0.08362162
0.25,0.6,0.28,0.094031796
0.25,0.64,0.28,0.105337605
0.25,0.68,0.28,0.117620826
0.25,0.72,0.28,0.13096648
0.25,0.76,0.28,0.14546329
0.25,0.8,0.28,0.16119877
0.25,0.84,0.28,0.17826341
0.25,0.88,0.28,0.19675998
0.25,0.92,0.28,0.21679857
0.25,0.96,0.28,0.23847476
0.25,1.0,0.28,0.2618366
0.25,0.0,0.32,-0.0075438693
0.25,0.04,0.32,-0.0024204627
0.25,0.08,0.32,0.002667904
0.25,0.12,0.32,0.007767439
0.25,0.16,0.32,0.012930069
0.25,0.2,0.32,0.018231358
0.25,0.24,0.32,0.023749964
0.25,0.28,0.32,0.029553501
0.25,0.32,0.32,0.035706177
0.25,0.36,0.32,0.042271234
0.25,0.4,0.32,0.049314454
0.25,0.44,0.32,0.056901827
0.25,0.48,0.32,0.06509317
0.25,0.52,0.32,0.073951244
0.25,0.56,0.32,0.08354955
0.25,0.6,0.32,0.09396294
0.25,0.64,0.32,0.10527052
0.25,0.68,0.32,0.11755319
0.25,0.72,0.32,0.13089575
0.25,0.76,0.32,0.14538938
0.25,0.8,0.32,0.16112462
0.25,0.84,0.32,0.17819156
0.25,0.88,0.32,0.19668812
0.25,0.92,0.32,0.21672603
0.25,0.96,0.32,0.23841201
0.25,1.0,0.32,0.2618149
0.25,0.0,0.36,-0.007623188
0.25,0.04,0.36,-0.0025070384
0.25,0.08,0.36,0.0025744364
0.25,0.12,0.36,0.0076690763
0.25,0.16,0.36,0.012829095
0.25,0.2,0.36,0.018130075
0.25,0.24,0.36,0.023650536
0.25,0.28,0.36,0.029455157
0.25,0.32,0.36,0.035608374
0.25,0.36,0.36,0.042173386
0.25,0.4,0.36,0.04921536
0.25,0.44,0.36,0.056800336
0.25,0.48,0.36,0.06499596
0.25,0.52,0.36,0.073862225
0.25,0.56,0.36,0.08346668
0.25,0.6,0.36,0.09388422
0.25,0.64,0.36,0.10519381
0.25,0.68,0.36,0.11747678
0.25,0.72,0.36,0.13081728
0.25,0.76,0.36,0.14530611
0.25,0.8,0.36,0.16103977
0.25,0.84,0.36,0.17810795
0.25,0.88,0.36,0.1966053
0.25,0.92,0.36,0.21664293
0.25,0.96,0.36,0.23833877
0.25,1.0,0.36,0.2617716
0.25,0.0,0.4,-0.0077046007
0.25,0.04,0.4,-0.002595462
0.25,0.08,0.4,0.0024808198
0.25,0.12,0.4,0.007570803
0.25,0.16,0.4,0.01272653
0.25,0.2,0.4,0.018024832
0.25,0.24,0.4,0.023544682
0.25,0.28,0.4,0.029351475
0.25,0.32,0.4,0.035505973
0.25,0.36,0.4,0.042071864
0.25,0.4,0.4,0.049113683
0.25,0.44,0.4,0.056697465
0.25,0.48,0.4,0.06489057
0.25,0.52,0.4,0.07376213
0.25,0.56,0.4,0.08337364
0.25,0.6,0.4,0.0937962
0.25,0.64,0.4,0.10510861
0.25,0.68,0.4,0.11739222
0.25,0.72,0.4,0.13073187
0.25,0.76,0.4,0.1452169
0.25,0.8,0.4,0.16094474
0.25,0.84,0.4,0.17801258
0.25,0.88,0.4,0.19651203
0.25,0.92,0.4,0.21655194
0.25,0.96,0.4,0.23825547
0.25,1.0,0.4,0.2617108
0.25,0.0,0.44,-0.0077884793
0.25,0.04,0.44,-0.0026857853
0.25,0.08,0.44,0.0023859106
0.25,0.12,0.44,0.007471733
0.25,0.16,0.44,0.012624498
0.25,0.2,0.44,0.017920893
0.25,0.24,0.44,0.02343961
0.25,0.28,0.44,0.029245146
0.25,0.32,0.44,0.03539989
0.25,0.36,0.44,0.041966844
0.25,0.4,0.44,0.049009442
0.25,0.44,0.44,0.056592926
0.25,0.48,0.44,0.06478472
0.25,0.52,0.44,0.07365393
0.25,0.56,0.44,0.08327106
0.25,0.6,0.44,0.09370003
0.25,0.64,0.44,0.10501612
0.25,0.68,0.44,0.11730134
0.25,0.72,0.44,0.13063987
0.25,0.76,0.44,0.14512208
0.25,0.8,0.44,0.16084406
0.25,0.84,0.44,0.17790762
0.25,0.88,0.44,0.19640951
0.25,0.92,0.44,0.21645351
0.25,0.96,0.44,0.23816209
0.25,1.0,0.44,0.26163715
0.25,0.0,0.48,-0.0078738555
0.25,0.04,0.48,-0.0027772672
0.25,0.08,0.48,0.0022908896
0.25,0.12,0.48,0.007373102
0.25,0.16,0.48,0.012522899
0.25,0.2,0.48,0.017818522
0.25,0.24,0.48,0.023337124
0.25,0.28,0.48,0.029142022
0.25,0.32,0.48,0.035295844
0.25,0.36,0.48,0.04186143
0.25,0.4,0.48,0.04890372
0.25,0.44,0.48,0.056487583
0.25,0.48,0.48,0.06467879
0.25,0.52,0.48,0.07354609
0.25,0.56,0.48,0.08316113
0.25,0.6,0.48,0.0935957
0.25,0.64,0.48,0.104916565
0.25,0.68,0.48,0.117204025
0.25,0.72,0.48,0.13054246
0.25,0.76,0.48,0.14502245
0.25,0.8,0.48,0.16073999
0.25,0.84,0.48,0.1777956
0.25,0.88,0.48,0.19629833
0.25,0.92,0.48,0.21634799
0.25,0.96,0.48,0.23805985
0.25,1.0,0.48,0.26155066
0.25,0.0,0.52,-0.007961318
0.25,0.04,0.52,-0.002870433
0.25,0.08,0.52,0.002195023
0.25,0.12,0.52,0.0072743595
0.25,0.16,0.52,0.0124221
0.25,0.2,0.52,0.017717712
0.25,0.24,0.52,0.023237178
0.25,0.28,0.52,0.029042501
0.25,0.32,0.52,0.03519599
0.25,0.36,0.52,0.041761454
0.25,0.4,0.52,0.048802063
0.25,0.44,0.52,0.05638387
0.25,0.48,0.52,0.064573355
0.25,0.52,0.52,0.073439345
0.25,0.56,0.52,0.08305167
0.25,0.6,0.52,0.093484506
0.25,0.64,0.52,0.10481057
0.25,0.68,0.52,0.117101625
0.25,0.72,0.52,0.13044119
0.25,0.76,0.52,0.144919
0.25,0.8,0.52,0.16063228
0.25,0.84,0.52,0.17768157
0.25,0.88,0.52,0.19617975
0.25,0.92,0.52,0.21623553
0.25,0.96,0.52,0.23795156
0.25,1.0,0.52,0.26145273
0.25,0.0,0.56,-0.0080507845
0.25,0.04,0.56,-0.0029648244
0.25,0.08,0.56,0.002098702
0.25,0.12,0.56,0.007175356
0.25,0.16,0.56,0.01232183
0.25,0.2,0.56,0.017618522
0.25,0.24,0.56,0.02313944
0.25,0.28,0.56,0.028946172
0.25,0.32,0.56,0.035100985
0.25,0.36,0.56,0.04166676
0.25,0.4,0.56,0.048707042
0.25,0.44,0.56,0.056287564
0.25,0.48,0.56,0.064474314
0.25,0.52,0.56,0.07333676
0.25,0.56,0.56,0.08294567
0.25,0.6,0.56,0.093374684
0.25,0.64,0.56,0.104699135
0.25,0.68,0.56,0.116994604
0.25,0.72,0.56,0.1303361
0.25,0.76,0.56,0.144813
0.25,0.8,0.56,0.16052267
0.25,0.84,0.56,0.17756699
0.25,0.88,0.56,0.19606021
0.25,0.92,0.56,0.2161166
0.25,0.96,0.56,0.23783784
0.25,1.0,0.56,0.26134583
0.25,0.0,0.6,-0.008142158
0.25,0.04,0.6,-0.00306011
0.25,0.08,0.6,0.0020017885
0.25,0.12,0.6,0.007076569
0.25,0.16,0.6,0.012221936
0.25,0.2,0.6,0.01752089
0.25,0.24,0.6,0.023044227
0.25,0.28,0.6,0.028853457
0.25,0.32,0.6,0.035010416
0.25,0.36,0.6,0.041577436
0.25,0.4,0.6,0.04861884
0.25,0.44,0.6,0.05619869
0.25,0.48,0.6,0.06438433
0.25,0.52,0.6,0.07324384
0.25,0.56,0.6,0.08284804
0.25,0.6,0.6,0.09327085
0.25,0.64,0.6,0.10458954
0.25,0.68,0.6,0.11688361
0.25,0.72,0.6,0.13022813
0.25,0.76,0.6,0.14470527
0.25,0.8,0.6,0.16041166
0.25,0.84,0.6,0.17745331
0.25,0.88,0.6,0.19594237
0.25,0.92,0.6,0.21599267
0.25,0.96,0.6,0.23771882
0.25,1.0,0.6,0.26123124
0.25,0.0,0.64,-0.008235309
0.25,0.04,0.64,-0.0031562895
0.25,0.08,0.64,0.0019041374
0.25,0.12,0.64,0.0069775134
0.25,0.16,0.64,0.012123048
0.25,0.2,0.64,0.017424975
0.25,0.24,0.64,0.022951491
0.25,0.28,0.64,0.028763976
0.25,0.32,0.64,0.034923665
0.25,0.36,0.64,0.041493583
0.25,0.4,0.64,0.048536766
0.25,0.44,0.64,0.05611796
0.25,0.48,0.64,0.06430333
0.25,0.52,0.64,0.07316094
0.25,0.56,0.64,0.082762025
0.25,0.6,0.64,0.093179874
0.25,0.64,0.64,0.10449098
0.25,0.68,0.64,0.11677602
0.25,0.72,0.64,0.1301174
0.25,0.76,0.64,0.14459582
0.25,0.8,0.64,0.16030161
0.25,0.84,0.64,0.17734164
0.25,0.88,0.64,0.19582601
0.25,0.92,0.64,0.21587037
0.25,0.96,0.64,0.23759504
0.25,1.0,0.64,0.2611124
0.25,0.0,0.68,-0.008330047
0.25,0.04,0.68,-0.0032536574
0.25,0.08,0.68,0.0018059015
0.25,0.12,0.68,0.006878305
0.25,0.16,0.68,0.012025073
0.25,0.2,0.68,0.017330699
0.25,0.24,0.68,0.022861248
0.25,0.28,0.68,0.028677618
0.25,0.32,0.68,0.03484169
0.25,0.36,0.68,0.04141528
0.25,0.4,0.68,0.048461076
0.25,0.44,0.68,0.056044407
0.25,0.48,0.68,0.06423062
0.25,0.52,0.68,0.07308828
0.25,0.56,0.68,0.08268759
0.25,0.6,0.68,0.093101576
0.25,0.64,0.68,0.10440716
0.25,0.68,0.68,0.11668347
0.25,0.72,0.68,0.1300146
0.25,0.76,0.68,0.14448771
0.25,0.8,0.68,0.16019273
0.25,0.84,0.68,0.17723244
0.25,0.88,0.68,0.19571356
0.25,0.92,0.68,0.21575224
0.25,0.96,0.68,0.23747073
0.25,1.0,0.68,0.26099026
0.25,0.0,0.72,-0.008426812
0.25,0.04,0.72,-0.0033520013
0.25,0.08,0.72,0.0017072596
0.25,0.12,0.72,0.0067790784
0.25,0.16,0.72,0.011927806
0.25,0.2,0.72,0.017238013
0.25,0.24,0.72,0.022773448
0.25,0.28,0.72,0.02859494
0.25,0.32,0.72,0.03476385
0.25,0.36,0.72,0.0413418
0.25,0.4,0.72,0.048391737
0.25,0.44,0.72,0.055978157
0.25,0.48,0.72,0.06416703
0.25,0.52,0.72,0.0730254
0.25,0.56,0.72,0.082624204
0.25,0.6,0.72,0.09303607
0.25,0.64,0.72,0.10433695
0.25,0.68,0.72,0.11660717
0.25,0.72,0.72,0.12992866
0.25,0.76,0.72,0.1443901
0.25,0.8,0.72,0.16009194
0.25,0.84,0.72,0.17712864
0.25,0.88,0.72,0.1956061
0.25,0.92,0.72,0.21563874
0.25,0.96,0.72,0.23734929
0.25,1.0,0.72,0.26086533
0.25,0.0,0.76,-0.008525409
0.25,0.04,0.76,-0.00345096
0.25,0.08,0.76,0.0016079955
0.25,0.12,0.76,0.006679591
0.25,0.16,0.76,0.011831667
0.25,0.2,0.76,0.017147306
0.25,0.24,0.76,0.022688225
0.25,0.28,0.76,0.02851563
0.25,0.32,0.76,0.03468992
0.25,0.36,0.76,0.041273467
0.25,0.4,0.76,0.04832877
0.25,0.44,0.76,0.055919655
0.25,0.48,0.76,0.06411175
0.25,0.52,0.76,0.072972514
0.25,0.56,0.76,0.082571864
0.25,0.6,0.76,0.09298296
0.25,0.64,0.76,0.1042812
0.25,0.68,0.76,0.11654628
0.25,0.72,0.76,0.12986025
0.25,0.76,0.76,0.14431189
0.25,0.8,0.76,0.16000444
0.25,0.84,0.76,0.17703709
0.25,0.88,0.76,0.19550869
0.25,0.92,0.76,0.21553326
0.25,0.96,0.76,0.23723479
0.25,1.0,0.76,0.2607441
0.25,0.0,0.8,-0.00862617
0.25,0.04,0.8,-0.0035513453
0.25,0.08,0.8,0.0015078858
0.25,0.12,0.8,0.0065799877
0.25,0.16,0.8,0.011736415
0.25,0.2,0.8,0.017057903
0.25,0.24,0.8,0.022605265
0.25,0.28,0.8,0.02843925
0.25,0.32,0.8,0.034620523
0.25,0.36,0.8,0.04121049
0.25,0.4,0.8,0.048271738
0.25,0.44,0.8,0.055868186
0.25,0.48,0.8,0.06406464
0.25,0.52,0.8,0.072929345
0.25,0.56,0.8,0.08253079
0.25,0.6,0.8,0.09294204
0.25,0.64,0.8,0.10423893
0.25,0.68,0.8,0.11650034
0.25,0.72,0.8,0.12980868
0.25,0.76,0.8,0.14425348
0.25,0.8,0.8,0.15993693
0.25,0.84,0.8,0.17695971
0.25,0.88,0.8,0.1954265
0.25,0.92,0.8,0.21544363
0.25,0.96,0.8,0.237134
0.25,1.0,0.8,0.26063022
0.25,0.0,0.84,-0.008727804
0.25,0.04,0.84,-0.003652487
0.25,0.08,0.84,0.0014071763
0.25,0.12,0.84,0.00648015
0.25,0.16,0.84,0.011641931
0.25,0.2,0.84,0.016970053
0.25,0.24,0.84,0.02252463
0.25,0.28,0.84,0.028366284
0.25,0.32,0.84,0.03455505
0.25,0.36,0.84,0.041152313
0.25,0.4,0.84,0.04822071
0.25,0.44,0.84,0.055823624
0.25,0.48,0.84,0.0640259
0.25,0.52,0.84,0.07289517
0.25,0.56,0.84,0.08250016
0.25,0.6,0.84,0.092913456
0.25,0.64,0.84,0.10421047
0.25,0.68,0.84,0.11646979
0.25,0.72,0.84,0.1297743
0.25,0.76,0.84,0.1442149
0.25,0.8,0.84,0.15989074
0.25,0.84,0.84,0.17690316
0.25,0.88,0.84,0.19535963
0.25,0.92,0.84,0.21537058
0.25,0.96,0.84,0.23705119
0.25,1.0,0.84,0.2605337
0.25,0.0,0.88,-0.008828953
0.25,0.04,0.88,-0.0037547536
0.25,0.08,0.88,0.0013058558
0.25,0.12,0.88,0.006380111
0.25,0.16,0.88,0.011548772
0.25,0.2,0.88,0.016884122
0.25,0.24,0.88,0.022446627
0.25,0.28,0.88,0.028296465
0.25,0.32,0.88,0.03449366
0.25,0.36,0.88,0.04109934
0.25,0.4,0.88,0.048175953
0.25,0.44,0.88,0.05578643
0.25,0.48,0.88,0.06399548
0.25,0.52,0.88,0.07287039
0.25,0.56,0.88,0.082479976
0.25,0.6,0.88,0.092896625
0.25,0.64,0.88,0.10419507
0.25,0.68,0.88,0.116453946
0.25,0.72,0.88,0.12975773
0.25,0.76,0.88,0.14419523
0.25,0.8,0.88,0.15986547
0.25,0.84,0.88,0.17686965
0.25,0.88,0.88,0.19531433
0.25,0.92,0.88,0.2153146
0.25,0.96,0.88,0.23698695
0.25,1.0,0.88,0.26045382
0.25,0.0,0.92,-0.0089269355
0.25,0.04,0.92,-0.003853947
0.25,0.08,0.92,0.0012050569
0.25,0.12,0.92,0.006280832
0.25,0.16,0.92,0.011456341
0.25,0.2,0.92,0.016799752
0.25,0.24,0.92,0.022370927
0.25,0.28,0.92,0.028229756
0.25,0.32,0.92,0.034436326
0.25,0.36,0.92,0.041051343
0.25,0.4,0.92,0.048136972
0.25,0.44,0.92,0.05575572
0.25,0.48,0.92,0.0639729
0.25,0.52,0.92,0.07285467
0.25,0.56,0.92,0.0824703
0.25,0.6,0.92,0.092891335
0.25,0.64,0.92,0.104192816
0.25,0.68,0.92,0.116453044
0.25,0.72,0.92,0.12975782
0.25,0.76,0.92,0.14419436
0.25,0.8,0.92,0.159861
0.25,0.84,0.92,0.17685807
0.25,0.88,0.92,0.19529288
0.25,0.92,0.92,0.21527989
0.25,0.96,0.92,0.23693925
0.25,1.0,0.92,0.26039156
0.25,0.0,0.96,-0.009021632
0.25,0.04,0.96,-0.0039500184
0.25,0.08,0.96,0.001107946
0.25,0.12,0.96,0.006184779
0.25,0.16,0.96,0.0113660805
0.25,0.2,0.96,0.016717128
0.25,0.24,0.96,0.022297565
0.25,0.28,0.96,0.028166406
0.25,0.32,0.96,0.03438288
0.25,0.36,0.96,0.041008182
0.25,0.4,0.96,0.048103638
0.25,0.44,0.96,0.055732235
0.25,0.48,0.96,0.0639583
0.25,0.52,0.96,0.0728482
0.25,0.56,0.96,0.08247096
0.25,0.6,0.96,0.09289791
0.25,0.64,0.96,0.10420342
0.25,0.68,0.96,0.11646693
0.25,0.72,0.96,0.12977514
0.25,0.76,0.96,0.14421195
0.25,0.8,0.96,0.15987653
0.25,0.84,0.96,0.17686878
0.25,0.88,0.96,0.1952954
0.25,0.92,0.96,0.21527031
0.25,0.96,0.96,0.23691045
0.25,1.0,0.96,0.2603469
0.25,0.0,1.0,-0.009113669
0.25,0.04,1.0,-0.004043095
0.25,0.08,1.0,0.0010137819
0.25,0.12,1.0,0.006093584
0.25,0.16,1.0,0.011280887
0.25,0.2,1.0,0.016639292
0.25,0.24,1.0,0.022227928
0.25,0.28,1.0,0.028106261
0.25,0.32,1.0,0.034333266
0.25,0.36,1.0,0.04096961
0.25,0.4,1.0,0.04807612
0.25,0.44,1.0,0.05571508
0.25,0.48,1.0,0.06395141
0.25,0.52,1.0,0.07285062
0.25,0.56,1.0,0.0824819
0.25,0.6,1.0,0.09291555
0.25,0.64,1.0,0.10422671
0.25,0.68,1.0,0.11649621
0.25,0.72,1.0,0.12980899
0.25,0.76,1.0,0.14424759
0.25,0.8,1.0,0.15991186
0.25,0.84,1.0,0.17690086
0.25,0.88,1.0,0.19532207
0.25,0.92,1.0,0.21528392
0.25,0.96,1.0,0.2369066
0.25,1.0,1.0,0.26032245
0.5,0.0,0.0,-0.005349558
0.5,0.04,0.0,0.0035738982
0.5,0.08,0.0,0.012611635
0.5,0.12,0.0,0.02179198
0.5,0.16,0.0,0.031144578
0.5,0.2,0.0,0.040700518
0.5,0.24,0.0,0.050532527
0.5,0.28,0.0,0.06070039
0.5,0.32,0.0,0.071244925
0.5,0.36,0.0,0.08221379
0.5,0.4,0.0,0.09366763
0.5,0.44,0.0,0.10566546
0.5,0.48,0.0,0.118268766
0.5,0.52,0.0,0.13154137
0.5,0.56,0.0,0.14554533
0.5,0.6,0.0,0.16033885
0.5,0.64,0.0,0.17598665
0.5,0.68,0.0,0.19255048
0.5,0.72,0.0,0.21009973
0.5,0.76,0.0,0.22869676
0.5,0.8,0.0,0.2484238
0.5,0.84,0.0,0.2693661
0.5,0.88,0.0,0.2916063
0.5,0.92,0.0,0.31522927
0.5,0.96,0.0,0.34030822
0.5,1.0,0.0,0.3668046
0.5,0.0,0.04,-0.0052607805
0.5,0.04,0.04,0.0036588684
0.5,0.08,0.04,0.012692355
0.5,0.12,0.04,0.021867428
0.5,0.16,0.04,0.031213675
0.5,0.2,0.04,0.040762898
0.5,0.24,0.04,0.05058826
0.5,0.28,0.04,0.060749933
0.5,0.32,0.04,0.071297616
0.5,0.36,0.04,0.082276225
0.5,0.4,0.04,0.09373725
0.5,0.44,0.04,0.10574071
0.5,0.48,0.04,0.11834808
0.5,0.52,0.04,0.13162228
0.5,0.56,0.04,0.14562714
0.5,0.6,0.04,0.16042116
0.5,0.64,0.04,0.17606694
0.5,0.68,0.04,0.19262643
0.5,0.72,0.04,0.21017435
0.5,0.76,0.04,0.22877634
0.5,0.8,0.04,0.24850525
0.5,0.84,0.04,0.2694468
0.5,0.88,0.04,0.29168925
0.5,0.92,0.04,0.3153162
0.5,0.96,0.04,0.34040448
0.5,1.0,0.04,0.36693084
0.5,0.0,0.08,-0.0051833615
0.5,0.04,0.08,0.0037329309
0.5,0.08,0.08,0.012762301
0.5,0.12,0.08,0.021932874
0.5,0.16,0.08,0.031273462
0.5,0.2,0.08,0.040816687
0.5,0.24,0.08,0.05063714
0.5,0.28,0.08,0.060793832
0.5,0.32,0.08,0.07133628
0.5,0.36,0.08,0.08231999
0.5,0.4,0.08,0.09378989
0.5,0.44,0.08,0.10580036
0.5,0.48,0.08,0.11841306
0.5,0.52,0.08,0.13168998
0.5,0.56,0.08,0.14569661
0.5,0.6,0.08,0.16049221
0.5,0.64,0.08,0.17613745
0.5,0.68,0.08,0.19269373
0.5,0.72,0.08,0.21023645
0.5,0.76,0.08,0.22884104
0.5,0.8,0.08,0.24857354
0.5,0.84,0.08,0.26951608
0.5,0.88,0.08,0.29175955
0.5,0.92,0.08,0.31538963
0.5,0.96,0.08,0.3404787
0.5,1.0,0.08,0.36702538
0.5,0.0,0.12,-0.005116485
0.5,0.04,0.12,0.0037968084
0.5,0.08,0.12,0.012822725
0.5,0.12,0.12,0.021989137
0.5,0.16,0.12,0.031324975
0.5,0.2,0.12,0.0408633
0.5,0.24,0.12,0.05067931
0.5,0.28,0.12,0.060832664
0.5,0.32,0.12,0.071370274
0.5,0.36,0.12,0.082349256
0.5,0.4,0.12,0.09382591
0.5,0.44,0.12,0.105845004
0.5,0.48,0.12,0.118463635
0.5,0.52,0.12,0.13174531
0.5,0.56,0.12,0.1457543
0.5,0.6,0.12,0.16055273
0.5,0.64,0.12,0.1761989
0.5,0.68,0.12,0.19275424
0.5,0.72,0.12,0.21029218
0.5,0.76,0.12,0.22889237
0.5,0.8,0.12,0.2486291
0.5,0.84,0.12,0.26957446
0.5,0.88,0.12,0.29181808
0.5,0.92,0.12,0.31545183
0.5,0.96,0.12,0.3405325
0.5,1.0,0.12,0.36708862
0.5,0.0,0.16,-0.0050604865
0.5,0.04,0.16,0.003850732
0.5,0.08,0.16,0.012873709
0.5,0.12,0.16,0.02203698
0.5,0.16,0.16,0.031368867
0.5,0.2,0.16,0.040902875
0.5,0.24,0.16,0.050716065
0.5,0.28,0.16,0.060866088
0.5,0.32,0.16,0.071400106
0.5,0.36,0.16,0.08237499
0.5,0.4,0.16,0.09384823
0.5,0.44,0.16,0.105875
0.5,0.48,0.16,0.11850162
0.5,0.52,0.16,0.13178888
0.5,0.56,0.16,0.14580144
0.5,0.6,0.16,0.16060354
0.5,0.64,0.16,0.17625254
0.5,0.68,0.16,0.19280739
0.5,0.72,0.16,0.21034278
0.5,0.76,0.16,0.2289375
0.5,0.8,0.16,0.24867326
0.5,0.84,0.16,0.26962227
0.5,0.88,0.16,0.29186726
0.5,0.92,0.16,0.31549907
0.5,0.96,0.16,0.3405659
0.5,1.0,0.16,0.3671203
0.5,0.0,0.2,-0.0050114915
0.5,0.04,0.2,0.0038952641
0.5,0.08,0.2,0.012916084
0.5,0.12,0.2,0.022076476
0.5,0.16,0.2,0.03140496
0.5,0.2,0.2,0.040936045
0.5,0.24,0.2,0.05074627
0.5,0.28,0.2,0.060894486
0.5,0.32,0.2,0.07142594
0.5,0.36,0.2,0.08239746
0.5,0.4,0.2,0.09386653
0.5,0.44,0.2,0.105890915
0.5,0.48,0.2,0.11852654
0.5,0.52,0.2,0.13182129
0.5,0.56,0.2,0.14583904
0.5,0.6,0.2,0.16064546
0.5,0.64,0.2,0.17629813
0.5,0.68,0.2,0.19285472
0.5,0.72,0.2,0.2103889
0.5,0.76,0.2,0.22897933
0.5,0.8,0.2,0.24870849
0.5,0.84,0.2,0.26965976
0.5,0.88,0.2,0.29190767
0.5,0.92,0.2,0.31552866
0.5,0.96,0.2,0.3405791
0.5,1.0,0.2,0.36712667
0.5,0.0,0.24,-0.0049674883
0.5,0.04,0.24,0.003934771
0.5,0.08,0.24,0.012950696
0.5,0.12,0.24,0.022107907
0.5,0.16,0.24,0.03143412
0.5,0.2,0.24,0.040962815
0.5,0.24,0.24,0.050771363
0.5,0.28,0.24,0.060918108
0.5,0.32,0.24,0.07144813
0.5,0.36,0.24,0.08241719
0.5,0.4,0.24,0.09388251
0.5,0.44,0.24,0.105902895
0.5,0.48,0.24,0.11853729
0.5,0.52,0.24,0.13184068
0.5,0.56,0.24,0.14586544
0.5,0.6,0.24,0.1606773
0.5,0.64,0.24,0.17633614
0.5,0.68,0.24,0.19289625
0.5,0.72,0.24,0.21043101
0.5,0.76,0.24,0.2290191
0.5,0.8,0.24,0.24874273
0.5,0.84,0.24,0.26968938
0.5,0.88,0.24,0.2919389
0.5,0.92,0.24,0.31554255
0.5,0.96,0.24,0.34057575
0.5,1.0,0.24,0.36711407
0.5,0.0,0.28,-0.004927829
0.5,0.04,0.28,0.0039705113
0.5,0.08,0.28,0.012981918
0.5,0.12,0.28,0.022134569
0.5,0.16,0.28,0.031456307
0.5,0.2,0.28,0.040983245
0.5,0.24,0.28,0.050791007
0.5,0.28,0.28,0.060937196
0.5,0.32,0.28,0.07146626
0.5,0.36,0.28,0.08243375
0.5,0.4,0.28,0.09389672
0.5,0.44,0.28,0.105913825
0.5,0.48,0.28,0.1185437
0.5,0.52,0.28,0.131848
0.5,0.56,0.28,0.14588058
0.5,0.6,0.28,0.16069838
0.5,0.64,0.28,0.1763643
0.5,0.68,0.28,0.19292933
0.5,0.72,0.28,0.21046744
0.5,0.76,0.28,0.22905597
0.5,0.8,0.28,0.24877651
0.5,0.84,0.28,0.2697162
0.5,0.88,0.28,0.29195714
0.5,0.92,0.28,0.31554225
0.5,0.96,0.28,0.3405565
0.5,1.0,0.28,0.36708328
0.5,0.0,0.32,-0.004892785
0.5,0.04,0.32,0.004002046
0.5,0.08,0.32,0.013009716
0.5,0.12,0.32,0.022158299
0.5,0.16,0.32,0.0314757
0.5,0.2,0.32,0.04099905
0.5,0.24,0.32,0.05080556
0.5,0.28,0.32,0.060952187
0.5,0.32,0.32,0.07148106
0.5,0.36,0.32,0.08244807
0.5,0.4,0.32,0.09390968
0.5,0.44,0.32,0.105923936
0.5,0.48,0.32,0.11855062
0.5,0.52,0.32,0.13184986
0.5,0.56,0.32,0.1458847
0.5,0.6,0.32,0.1607097
0.5,0.64,0.32,0.17638224
0.5,0.68,0.32,0.19295387
0.5,0.72,0.32,0.21049617
0.5,0.76,0.32,0.22908601
0.5,0.8,0.32,0.24880587
0.5,0.84,0.32,0.26974016
0.5,0.88,0.32,0.29196087
0.5,0.92,0.32,0.31552848
0.5,0.96,0.32,0.34052286
0.5,1.0,0.32,0.3670321
0.5,0.0,0.36,-0.0048620813
0.5,0.04,0.36,0.004029691
0.5,0.08,0.36,0.013034187
0.5,0.12,0.36,0.022179522
0.5,0.16,0.36,0.031493388
0.5,0.2,0.36,0.04101333
0.5,0.24,0.36,0.050817892
0.5,0.28,0.36,0.06096299
0.5,0.32,0.36,0.0714927
0.5,0.36,0.36,0.08245966
0.5,0.4,0.36,0.09392099
0.5,0.44,0.36,0.10593395
0.5,0.48,0.36,0.11855769
0.5,0.52,0.36,0.13185337
0.5,0.56,0.36,0.14588292
0.5,0.6,0.36,0.1607115
0.5,0.64,0.36,0.17639165
0.5,0.68,0.36,0.19297029
0.5,0.72,0.36,0.21051732
0.5,0.76,0.36,0.22911002
0.5,0.8,0.36,0.24882923
0.5,0.84,0.36,0.26975647
0.5,0.88,0.36,0.29195294
0.5,0.92,0.36,0.31549704
0.5,0.96,0.36,0.34047285
0.5,1.0,0.36,0.36696002
0.5,0.0,0.4,-0.0048355013
0.5,0.04,0.4,0.004053712
0.5,0.08,0.4,0.013055775
0.5,0.12,0.4,0.02219797
0.5,0.16,0.4,0.03150885
0.5,0.2,0.4,0.041026797
0.5,0.24,0.4,0.050829716
0.5,0.28,0.4,0.060973704
0.5,0.32,0.4,0.071502246
0.5,0.36,0.4,0.08246936
0.5,0.4,0.4,0.09393091
0.5,0.44,0.4,0.10594343
0.5,0.48,0.4,0.1185658
0.5,0.52,0.4,0.13185856
0.5,0.56,0.4,0.1458841
0.5,0.6,0.4,0.16070741
0.5,0.64,0.4,0.1763923
0.5,0.68,0.4,0.19297914
0.5,0.72,0.4,0.21053168
0.5,0.76,0.4,0.22912805
0.5,0.8,0.4,0.24884611
0.5,0.84,0.4,0.26976144
0.5,0.88,0.4,0.29193366
0.5,0.92,0.4,0.31544998
0.5,0.96,0.4,0.3404012
0.5,1.0,0.4,0.36686355
0.5,0.0,0.44,-0.004813306
0.5,0.04,0.44,0.0040737838
0.5,0.08,0.44,0.01307378
0.5,0.12,0.44,0.022213966
0.5,0.16,0.44,0.031522654
0.5,0.2,0.44,0.041038595
0.5,0.24,0.44,0.050841063
0.5,0.28,0.44,0.060984924
0.5,0.32,0.44,0.07151301
0.5,0.36,0.44,0.08247937
0.5,0.4,0.44,0.093940094
0.5,0.44,0.44,0.10595286
0.5,0.48,0.44,0.1185747
0.5,0.52,0.44,0.13186574
0.5,0.56,0.44,0.14588824
0.5,0.6,0.44,0.16070692
0.5,0.64,0.44,0.17638695
0.5,0.68,0.44,0.19298062
0.5,0.72,0.44,0.2105403
0.5,0.76,0.44,0.22913942
0.5,0.8,0.44,0.24885693
0.5,0.84,0.44,0.26975518
0.5,0.88,0.44,0.29190528
0.5,0.92,0.44,0.3153919
0.5,0.96,0.44,0.3403085
0.5,1.0,0.44,0.3667456
0.5,0.0,0.48,-0.0047957376
0.5,0.04,0.48,0.0040900856
0.5,0.08,0.48,0.013088677
0.5,0.12,0.48,0.022227608
0.5,0.16,0.48,0.0315344
0.5,0.2,0.48,0.04104952
0.5,0.24,0.48,0.050851915
0.5,0.28,0.48,0.060996354
0.5,0.32,0.48,0.07152496
0.5,0.36,0.48,0.08249132
0.5,0.4,0.48,0.09395191
0.5,0.44,0.48,0.105963565
0.5,0.48,0.48,0.11858455
0.5,0.52,0.48,0.13187486
0.5,0.56,0.48,0.14589551
0.5,0.6,0.48,0.16071054
0.5,0.64,0.48,0.17638537
0.5,0.68,0.48,0.19297649
0.5,0.72,0.48,0.210542
0.5,0.76,0.48,0.22914433
0.5,0.8,0.48,0.2488579
0.5,0.84,0.48,0.26973897
0.5,0.88,0.48,0.29186556
0.5,0.92,0.48,0.3153215
0.5,0.96,0.48,0.34020302
0.5,1.0,0.48,0.36660755
0.5,0.0,0.52,-0.004782051
0.5,0.04,0.52,0.004103102
0.5,0.08,0.52,0.013100807
0.5,0.12,0.52,0.022238366
0.5,0.16,0.52,0.031544223
0.5,0.2,0.52,0.041059583
0.5,0.24,0.52,0.050862584
0.5,0.28,0.52,0.061008386
0.5,0.32,0.52,0.07153775
0.5,0.36,0.52,0.08250541
0.5,0.4,0.52,0.09396665
0.5,0.44,0.52,0.10597826
0.5,0.48,0.52,0.11859858
0.5,0.52,0.52,0.13188702
0.5,0.56,0.52,0.14590582
0.5,0.6,0.52,0.16071877
0.5,0.64,0.52,0.1763896
0.5,0.68,0.52,0.19297558
0.5,0.72,0.52,0.21053742
0.5,0.76,0.52,0.22914423
0.5,0.8,0.52,0.24884726
0.5,0.84,0.52,0.2697115
0.5,0.88,0.52,0.2918138
0.5,0.92,0.52,0.31524032
0.5,0.96,0.52,0.34008718
0.5,1.0,0.52,0.36645272
0.5,0.0,0.56,-0.0047726594
0.5,0.04,0.56,0.004112251
0.5,0.08,0.56,0.013109792
0.5,0.12,0.56,0.022247106
0.5,0.16,0.56,0.031552497
0.5,0.2,0.56,0.041068383
0.5,0.24,0.56,0.050873265
0.5,0.28,0.56,0.061020616
0.5,0.32,0.56,0.07155225
0.5,0.36,0.56,0.08252118
0.5,0.4,0.56,0.09398377
0.5,0.44,0.56,0.10599613
0.5,0.48,0.56,0.118616596
0.5,0.52,0.56,0.13190478
0.5,0.56,0.56,0.145922
0.5,0.6,0.56,0.16073218
0.5,0.64,0.56,0.17639856
0.5,0.68,0.56,0.19297864
0.5,0.72,0.56,0.21053521
0.5,0.76,0.56,0.22913519
0.5,0.8,0.56,0.24882668
0.5,0.84,0.56,0.26967204
0.5,0.88,0.56,0.29175013
0.5,0.92,0.56,0.31514862
0.5,0.96,0.56,0.3399624
0.5,1.0,0.56,0.36628926
0.5,0.0,0.6,-0.0047671422
0.5,0.04,0.6,0.0041177496
0.5,0.08,0.6,0.013115697
0.5,0.12,0.6,0.02225358
0.5,0.16,0.6,0.031558998
0.5,0.2,0.6,0.041076675
0.5,0.24,0.6,0.050883494
0.5,0.28,0.6,0.06103359
0.5,0.32,0.6,0.07156757
0.5,0.36,0.6,0.082539305
0.5,0.4,0.6,0.0940039
0.5,0.44,0.6,0.10601777
0.5,0.48,0.6,0.118639365
0.5,0.52,0.6,0.13192792
0.5,0.56,0.6,0.14594457
0.5,0.6,0.6,0.16075209
0.5,0.64,0.6,0.17641425
0.5,0.68,0.6,0.19298813
0.5,0.72,0.6,0.21053915
0.5,0.76,0.6,0.22912134
0.5,0.8,0.6,0.24879375
0.5,0.84,0.6,0.2696202
0.5,0.88,0.6,0.2916759
0.5,0.92,0.6,0.31504652
0.5,0.96,0.6,0.3398284
0.5,1.0,0.6,0.36611965
0.5,0.0,0.64,-0.0047636554
0.5,0.04,0.64,0.0041207783
0.5,0.08,0.64,0.013119116
0.5,0.12,0.64,0.022257961
0.5,0.16,0.64,0.031564306
0.5,0.2,0.64,0.041083783
0.5,0.24,0.64,0.050894074
0.5,0.28,0.64,0.06104699
0.5,0.32,0.64,0.07158461
0.5,0.36,0.64,0.08255937
0.5,0.4,0.64,0.09402707
0.5,0.44,0.64,0.10604339
0.5,0.48,0.64,0.11866703
0.5,0.52,0.64,0.13195673
0.5,0.56,0.64,0.14597288
0.5,0.6,0.64,0.1607784
0.5,0.64,0.64,0.17643712
0.5,0.68,0.64,0.19300598
0.5,0.72,0.64,0.2105487
0.5,0.76,0.64,0.22910953
0.5,0.8,0.64,0.24875394
0.5,0.84,0.64,0.26955813
0.5,0.88,0.64,0.29159153
0.5,0.92,0.64,0.31493607
0.5,0.96,0.64,0.33968803
0.5,1.0,0.64,0.36594608
0.5,0.0,0.68,-0.004762426
0.5,0.04,0.68,0.004122123
0.5,0.08,0.68,0.013120718
0.5,0.12,0.68,0.022260018
0.5,0.16,0.68,0.031567812
0.5,0.2,0.68,0.041090198
0.5,0.24,0.68,0.050904453
0.5,0.28,0.68,0.0610615
0.5,0.32,0.68,0.07160291
0.5,0.36,0.68,0.08258157
0.5,0.4,0.68,0.094052985
0.5,0.44,0.68,0.106072694
0.5,0.48,0.68,0.11869924
0.5,0.52,0.68,0.13199003
0.5,0.56,0.68,0.14600655
0.5,0.6,0.68,0.16081077
0.5,0.64,0.68,0.17646728
0.5,0.68,0.68,0.19303203
0.5,0.72,0.68,0.21056043
0.5,0.76,0.68,0.22909829
0.5,0.8,0.68,0.24871589
0.5,0.84,0.68,0.26949006
0.5,0.88,0.68,0.29149973
0.5,0.92,0.68,0.31481922
0.5,0.96,0.68,0.3395416
0.5,1.0,0.68,0.36576906
0.5,0.0,0.72,-0.0047631897
0.5,0.04,0.72,0.004121691
0.5,0.08,0.72,0.013121247
0.5,0.12,0.72,0.022261687
0.5,0.16,0.72,0.031570695
0.5,0.2,0.72,0.041096374
0.5,0.24,0.72,0.050914653
0.5,0.28,0.72,0.061076555
0.5,0.32,0.72,0.07162296
0.5,0.36,0.72,0.082606144
0.5,0.4,0.72,0.09408193
0.5,0.44,0.72,0.10610596
0.5,0.48,0.72,0.11873507
0.5,0.52,0.72,0.1320279
0.5,0.56,0.72,0.14604539
0.5,0.6,0.72,0.16084947
0.5,0.64,0.72,0.17650484
0.5,0.68,0.72,0.19306375
0.5,0.72,0.72,0.21057236
0.5,0.76,0.72,0.22908774
0.5,0.8,0.72,0.24867995
0.5,0.84,0.72,0.26942474
0.5,0.88,0.72,0.29140252
0.5,0.92,0.72,0.31469607
0.5,0.96,0.72,0.33939132
0.5,1.0,0.72,0.3655888
0.5,0.0,0.76,-0.004766077
0.5,0.04,0.76,0.004119929
0.5,0.08,0.76,0.013120525
0.5,0.12,0.76,0.022262573
0.5,0.16,0.76,0.031573277
0.5,0.2,0.76,0.041102745
0.5,0.24,0.76,0.050925795
0.5,0.28,0.76,0.061092705
0.5,0.32,0.76,0.071644396
0.5,0.36,0.76,0.08263293
0.5,0.4,0.76,0.09411326
0.5,0.44,0.76,0.10614143
0.5,0.48,0.76,0.11877422
0.5,0.52,0.76,0.13207006
0.5,0.56,0.76,0.14608926
0.5,0.6,0.76,0.16089469
0.5,0.64,0.76,0.17654975
0.5,0.68,0.76,0.1930957
0.5,0.72,0.76,0.21058436
0.5,0.76,0.76,0.22907841
0.5,0.8,0.76,0.2486463
0.5,0.84,0.76,0.26936275
0.5,0.88,0.76,0.29130858
0.5,0.92,0.76,0.3145683
0.5,0.96,0.76,0.33923754
0.5,1.0,0.76,0.36540592
0.5,0.0,0.8,-0.004770715
0.5,0.04,0.8,0.004115969
0.5,0.08,0.8,0.013118252
0.5,0.12,0.8,0.02226222
0.5,0.16,0.8,0.031575665
0.5,0.2,0.8,0.041109256
0.5,0.24,0.8,0.050937437
0.5,0.28,0.8,0.061110005
0.5,0.32,0.8,0.07166678
0.5,0.36,0.8,0.082660995
0.5,0.4,0.8,0.094146535
0.5,0.44,0.8,0.106179714
0.5,0.48,0.8,0.11881677
0.5,0.52,0.8,0.13211666
0.5,0.56,0.8,0.146139
0.5,0.6,0.8,0.16094668
0.5,0.64,0.8,0.17659776
0.5,0.68,0.8,0.19312707
0.5,0.72,0.8,0.21059704
0.5,0.76,0.8,0.22907074
0.5,0.8,0.8,0.24861485
0.5,0.84,0.8,0.26930472
0.5,0.88,0.8,0.29121974
0.5,0.92,0.8,0.3144448
0.5,0.96,0.8,0.33908123
0.5,1.0,0.8,0.36522162
0.5,0.0,0.84,-0.004777506
0.5,0.04,0.84,0.004110627
0.5,0.08,0.84,0.013114519
0.5,0.12,0.84,0.02226092
0.5,0.16,0.84,0.03157679
0.5,0.2,0.84,0.041115098
0.5,0.24,0.84,0.050948825
0.5,0.28,0.84,0.061127286
0.5,0.32,0.84,0.07169013
0.5,0.36,0.84,0.08269006
0.5,0.4,0.84,0.09418235
0.5,0.44,0.84,0.106220804
0.5,0.48,0.84,0.1188636
0.5,0.52,0.84,0.13216798
0.5,0.56,0.84,0.14619449
0.5,0.6,0.84,0.1610046
0.5,0.64,0.84,0.17664468
0.5,0.68,0.84,0.19315854
0.5,0.72,0.84,0.21061015
0.5,0.76,0.84,0.22906439
0.5,0.8,0.84,0.24858648
0.5,0.84,0.84,0.26925027
0.5,0.88,0.84,0.2911359
0.5,0.92,0.84,0.31432933
0.5,0.96,0.84,0.33893028
0.5,1.0,0.84,0.36503562
0.5,0.0,0.88,-0.004787091
0.5,0.04,0.88,0.004102379
0.5,0.08,0.88,0.013108682
0.5,0.12,0.88,0.022257216
0.5,0.16,0.88,0.03157617
0.5,0.2,0.88,0.041119594
0.5,0.24,0.88,0.05095926
0.5,0.28,0.88,0.061144285
0.5,0.32,0.88,0.07171399
0.5,0.36,0.88,0.08272077
0.5,0.4,0.88,0.094219595
0.5,0.44,0.88,0.10626491
0.5,0.48,0.88,0.118913755
0.5,0.52,0.88,0.13222417
0.5,0.56,0.88,0.1462555
0.5,0.6,0.88,0.16106276
0.5,0.64,0.88,0.17669061
0.5,0.68,0.88,0.19319022
0.5,0.72,0.88,0.21062468
0.5,0.76,0.88,0.22906013
0.5,0.8,0.88,0.24856064
0.5,0.84,0.88,0.2692
0.5,0.88,0.88,0.29105735
0.5,0.92,0.88,0.3142217
0.5,0.96,0.88,0.3387885
0.5,1.0,0.88,0.36485514
0.5,0.0,0.92,-0.004800059
0.5,0.04,0.92,0.004091114
0.5,0.08,0.92,0.013099629
0.5,0.12,0.92,0.02225136
0.5,0.16,0.92,0.031573795
0.5,0.2,0.92,0.041122854
0.5,0.24,0.92,0.05096931
0.5,0.28,0.92,0.06116142
0.5,0.32,0.92,0.07173827
0.5,0.36,0.92,0.08275272
0.5,0.4,0.92,0.09425922
0.5,0.44,0.92,0.10631194
0.5,0.48,0.92,0.11896804
0.5,0.52,0.92,0.13228515
0.5,0.56,0.92,0.14632003
0.5,0.6,0.92,0.16111927
0.5,0.64,0.92,0.17673595
0.5,0.68,0.92,0.19322222
0.5,0.72,0.92,0.21064048
0.5,0.76,0.92,0.22905813
0.5,0.8,0.92,0.24853818
0.5,0.84,0.92,0.2691539
0.5,0.88,0.92,0.29098582
0.5,0.92,0.92,0.31412148
0.5,0.96,0.92,0.33865598
0.5,1.0,0.92,0.3646854
0.5,0.0,0.96,-0.004816368
0.5,0.04,0.96,0.0040769577
0.5,0.08,0.96,0.013088033
0.5,0.12,0.96,0.02224306
0.5,0.16,0.96,0.031569444
0.5,0.2,0.96,0.041124947
0.5,0.24,0.96,0.050978504
0.5,0.28,0.96,0.061178297
0.5,0.32,0.96,0.07176325
0.5,0.36,0.96,0.08278608
0.5,0.4,0.96,0.094300605
0.5,0.44,0.96,0.10636198
0.5,0.48,0.96,0.119025916
0.5,0.52,0.96,0.13234958
0.5,0.56,0.96,0.14638278
0.5,0.6,0.96,0.1611737
0.5,0.64,0.96,0.17678052
0.5,0.68,0.96,0.19325453
0.5,0.72,0.96,0.2106576
0.5,0.76,0.96,0.22905798
0.5,0.8,0.96,0.24851902
0.5,0.84,0.96,0.2691126
0.5,0.88,0.96,0.29092094
0.5,0.92,0.96,0.3140299
0.5,0.96,0.96,0.33853292
0.5,1.0,0.96,0.36452624
0.5,0.0,1.0,-0.0048363693
0.5,0.04,1.0,0.0040593483
0.5,0.08,1.0,0.01307375
0.5,0.12,1.0,0.022232868
0.5,0.16,1.0,0.031563677
0.5,0.2,1.0,0.041125804
0.5,0.24,1.0,0.05098734
0.5,0.28,1.0,0.061195277
0.5,0.32,1.0,0.071789324
0.5,0.36,1.0,0.08282089
0.5,0.4,1.0,0.09434447
0.5,0.44,1.0,0.106414735
0.5,0.48,1.0,0.119087115
0.5,0.52,1.0,0.1324146
0.5,0.56,1.0,0.1464428
0.5,0.6,1.0,0.16122651
0.5,0.64,1.0,0.17682424
0.5,0.68,1.0,0.19328679
0.5,0.72,1.0,0.21067621
0.5,0.76,1.0,0.22906004
0.5,0.8,1.0,0.24850263
0.5,0.84,1.0,0.26907587
0.5,0.88,1.0,0.29086265
0.5,0.92,1.0,0.3139464
0.5,0.96,1.0,0.33841944
0.5,1.0,1.0,0.36437818
0.75,0.0,0.0,0.0038648956
0.75,0.04,0.0,0.014401056
0.75,0.08,0.0,0.025086671
0.75,0.12,0.0,0.03594773
0.75,0.16,0.0,0.047010586
0.75,0.2,0.0,0.05830244
0.75,0.24,0.0,0.06985116
0.75,0.28,0.0,0.08170782
0.75,0.32,0.0,0.093953565
0.75,0.36,0.0,0.10663779
0.75,0.4,0.0,0.11981075
0.75,0.44,0.0,0.13351153
0.75,0.48,0.0,0.1477842
0.75,0.52,0.0,0.16267489
0.75,0.56,0.0,0.17822969
0.75,0.6,0.0,0.1944907
0.75,0.64,0.0,0.21151744
0.75,0.68,0.0,0.22936788
0.75,0.72,0.0,0.2480993
0.75,0.76,0.0,0.26777703
0.75,0.8,0.0,0.2884662
0.75,0.84,0.0,0.31022877
0.75,0.88,0.0,0.33311015
0.75,0.92,0.0,0.35717732
0.75,0.96,0.0,0.38250297
0.75,1.0,0.0,0.40914094
0.75,0.0,0.04,0.0040726587
0.75,0.04,0.04,0.01460062
0.75,0.08,0.04,0.025277726
0.75,0.12,0.04,0.036129102
0.75,0.16,0.04,0.04718197
0.75,0.2,0.04,0.058462992
0.75,0.24,0.04,0.070000276
0.75,0.28,0.04,0.08184643
0.75,0.32,0.04,0.09408151
0.75,0.36,0.04,0.1067543
0.75,0.4,0.04,0.11991502
0.75,0.44,0.04,0.13361385
0.75,0.48,0.04,0.14788406
0.75,0.52,0.04,0.16276677
0.75,0.56,0.04,0.17831106
0.75,0.6,0.04,0.19455948
0.75,0.64,0.04,0.21157172
0.75,0.68,0.04,0.22940406
0.75,0.72,0.04,0.24811535
0.75,0.76,0.04,0.26776773
0.75,0.8,0.04,0.28842738
0.75,0.84,0.04,0.31015614
0.75,0.88,0.04,0.3330153
0.75,0.92,0.04,0.35705754
0.75,0.96,0.04,0.3823566
0.75,1.0,0.04,0.40897867
0.75,0.0,0.08,0.004270561
0.75,0.04,0.08,0.014790859
0.75,0.08,0.08,0.025459722
0.75,0.12,0.08,0.036302987
0.75,0.16,0.08,0.047346774
0.75,0.2,0.08,0.058617983
0.75,0.24,0.08,0.07014483
0.75,0.28,0.08,0.081981726
0.75,0.32,0.08,0.094206885
0.75,0.36,0.08,0.1068698
0.75,0.4,0.08,0.12002002
0.75,0.44,0.08,0.13370413
0.75,0.48,0.08,0.14796546
0.75,0.52,0.08,0.16284099
0.75,0.56,0.08,0.17837635
0.75,0.6,0.08,0.1946135
0.75,0.64,0.08,0.21161199
0.75,0.68,0.08,0.22942832
0.75,0.72,0.08,0.24812055
0.75,0.76,0.08,0.26774943
0.75,0.8,0.08,0.28837842
0.75,0.84,0.08,0.3100732
0.75,0.88,0.08,0.33290207
0.75,0.92,0.08,0.35692042
0.75,0.96,0.08,0.38219243
0.75,1.0,0.08,0.40879217
0.75,0.0,0.12,0.004458405
0.75,0.04,0.12,0.014971897
0.75,0.08,0.12,0.025633655
0.75,0.12,0.12,0.03646951
0.75,0.16,0.12,0.047505222
0.75,0.2,0.12,0.058767706
0.75,0.24,0.12,0.07028505
0.75,0.28,0.12,0.0821137
0.75,0.32,0.12,0.09433053
0.75,0.36,0.12,0.106984995
0.75,0.4,0.12,0.1201226
0.75,0.44,0.12,0.13378832
0.75,0.48,0.12,0.1480309
0.75,0.52,0.12,0.16289811
0.75,0.56,0.12,0.17842562
0.75,0.6,0.12,0.19465287
0.75,0.64,0.12,0.21163906
0.75,0.68,0.12,0.22944063
0.75,0.72,0.12,0.24811524
0.75,0.76,0.12,0.26771975
0.75,0.8,0.12,0.28832018
0.75,0.84,0.12,0.30998206
0.75,0.88,0.12,0.3327748
0.75,0.92,0.12,0.35676703
0.75,0.96,0.12,0.3820126
0.75,1.0,0.12,0.40858725
0.75,0.0,0.16,0.0046393424
0.75,0.04,0.16,0.015145749
0.75,0.08,0.16,0.025800759
0.75,0.12,0.16,0.036629163
0.75,0.16,0.16,0.047657438
0.75,0.2,0.16,0.05891233
0.75,0.24,0.16,0.07042125
0.75,0.28,0.16,0.08224289
0.75,0.32,0.16,0.09445247
0.75,0.36,0.16,0.107096866
0.75,0.4,0.16,0.120219186
0.75,0.44,0.16,0.13386731
0.75,0.48,0.16,0.14809066
0.75,0.52,0.16,0.16293973
0.75,0.56,0.16,0.17845961
0.75,0.6,0.16,0.19467795
0.75,0.64,0.16,0.21165292
0.75,0.68,0.16,0.22944109
0.75,0.72,0.16,0.24809745
0.75,0.76,0.16,0.2676794
0.75,0.8,0.16,0.28825226
0.75,0.84,0.16,0.30988348
0.75,0.88,0.16,0.33264044
0.75,0.92,0.16,0.3565972
0.75,0.96,0.16,0.38181773
0.75,1.0,0.16,0.40836442
0.75,0.0,0.2,0.0048135296
0.75,0.04,0.2,0.015313514
0.75,0.08,0.2,0.02596181
0.75,0.12,0.2,0.036783643
0.75,0.16,0.2,0.0478049
0.75,0.2,0.2,0.059052404
0.75,0.24,0.2,0.07055389
0.75,0.28,0.2,0.08236966
0.75,0.32,0.2,0.09457106
0.75,0.36,0.2,0.1072015
0.75,0.4,0.2,0.12030885
0.75,0.44,0.2,0.13394102
0.75,0.48,0.2,0.14814663
0.75,0.52,0.2,0.1629762
0.75,0.56,0.2,0.1784789
0.75,0.6,0.2,0.19468923
0.75,0.64,0.2,0.21165462
0.75,0.68,0.2,0.22942932
0.75,0.72,0.2,0.24806747
0.75,0.76,0.2,0.2676282
0.75,0.8,0.2,0.28817526
0.75,0.84,0.2,0.30977666
0.75,0.88,0.2,0.33250046
0.75,0.92,0.2,0.35641935
0.75,0.96,0.2,0.38160855
0.75,1.0,0.2,0.40812755
0.75,0.0,0.24,0.0049815625
0.75,0.04,0.24,0.015475109
0.75,0.08,0.24,0.026117414
0.75,0.12,0.24,0.036933012
0.75,0.16,0.24,0.04794787
0.75,0.2,0.24,0.05918906
0.75,0.24,0.24,0.07068367
0.75,0.28,0.24,0.0824919
0.75,0.32,0.24,0.09468143
0.75,0.36,0.24,0.10729922
0.75,0.4,0.24,0.12039259
0.75,0.44,0.24,0.13400939
0.75,0.48,0.24,0.14819859
0.75,0.52,0.24,0.16301003
0.75,0.56,0.24,0.17849271
0.75,0.6,0.24,0.19468674
0.75,0.64,0.24,0.21164298
0.75,0.68,0.24,0.22940403
0.75,0.72,0.24,0.24802537
0.75,0.76,0.24,0.26756608
0.75,0.8,0.24,0.28808904
0.75,0.84,0.24,0.3096622
0.75,0.88,0.24,0.33235458
0.75,0.92,0.24,0.35623702
0.75,0.96,0.24,0.38138622
0.75,1.0,0.24,0.4078773
0.75,0.0,0.28,0.0051434264
0.75,0.04,0.28,0.015630767
0.75,0.08,0.28,0.026267532
0.75,0.12,0.28,0.03707789
0.75,0.16,0.28,0.048087284
0.75,0.2,0.28,0.059321824
0.75,0.24,0.28,0.070807576
0.75,0.28,0.28,0.08260531
0.75,0.32,0.28,0.094783455
0.75,0.36,0.28,0.10738917
0.75,0.4,0.28,0.12046945
0.75,0.44,0.28,0.13407259
0.75,0.48,0.28,0.14824668
0.75,0.52,0.28,0.16304109
0.75,0.56,0.28,0.17850521
0.75,0.6,0.28,0.19467889
0.75,0.64,0.28,0.2116177
0.75,0.68,0.28,0.22936568
0.75,0.72,0.28,0.24797133
0.75,0.76,0.28,0.26749343
0.75,0.8,0.28,0.2879941
0.75,0.84,0.28,0.3095408
0.75,0.88,0.28,0.33220255
0.75,0.92,0.28,0.35605088
0.75,0.96,0.28,0.38116077
0.75,1.0,0.28,0.4076136
0.75,0.0,0.32,0.0052992925
0.75,0.04,0.32,0.01578094
0.75,0.08,0.32,0.026412979
0.75,0.12,0.32,0.03721799
0.75,0.16,0.32,0.048221983
0.75,0.2,0.32,0.059448518
0.75,0.24,0.32,0.07092291
0.75,0.28,0.32,0.082709916
0.75,0.32,0.32,0.09487738
0.75,0.36,0.32,0.107471585
0.75,0.4,0.32,0.12053995
0.75,0.44,0.32,0.13412966
0.75,0.48,0.32,0.14828938
0.75,0.52,0.32,0.16306859
0.75,0.56,0.32,0.1785154
0.75,0.6,0.32,0.19466873
0.75,0.64,0.32,0.21158373
0.75,0.68,0.32,0.22931483
0.75,0.72,0.32,0.2479056
0.75,0.76,0.32,0.26741028
0.75,0.8,0.32,0.28789014
0.75,0.84,0.32,0.30941218
0.75,0.88,0.32,0.33204532
0.75,0.92,0.32,0.35586047
0.75,0.96,0.32,0.38093334
0.75,1.0,0.32,0.40734398
0.75,0.0,0.36,0.005449068
0.75,0.04,0.36,0.015925653
0.75,0.08,0.36,0.0265534
0.75,0.12,0.36,0.037353933
0.75,0.16,0.36,0.04834973
0.75,0.2,0.36,0.0595659
0.75,0.24,0.36,0.07102905
0.75,0.28,0.36,0.0828066
0.75,0.32,0.36,0.094963536
0.75,0.36,0.36,0.10754712
0.75,0.4,0.36,0.12060384
0.75,0.44,0.36,0.13418104
0.75,0.48,0.36,0.14832723
0.75,0.52,0.36,0.16309142
0.75,0.56,0.36,0.17852136
0.75,0.6,0.36,0.19465391
0.75,0.64,0.36,0.21154596
0.75,0.68,0.36,0.22925176
0.75,0.72,0.36,0.24782641
0.75,0.76,0.36,0.26731575
0.75,0.8,0.36,0.28777647
0.75,0.84,0.36,0.3092755
0.75,0.88,0.36,0.33188185
0.75,0.92,0.36,0.3556668
0.75,0.96,0.36,0.38070372
0.75,1.0,0.36,0.40707392
0.75,0.0,0.4,0.005593449
0.75,0.04,0.4,0.01606533
0.75,0.08,0.4,0.026688453
0.75,0.12,0.4,0.03748095
0.75,0.16,0.4,0.048467275
0.75,0.2,0.4,0.059673607
0.75,0.24,0.4,0.0711267
0.75,0.28,0.4,0.082894996
0.75,0.32,0.4,0.095042735
0.75,0.36,0.4,0.10761607
0.75,0.4,0.4,0.120661706
0.75,0.44,0.4,0.1342272
0.75,0.48,0.4,0.14836065
0.75,0.52,0.4,0.1631104
0.75,0.56,0.4,0.17852229
0.75,0.6,0.4,0.1946347
0.75,0.64,0.4,0.2115037
0.75,0.68,0.4,0.22918497
0.75,0.72,0.4,0.24773358
0.75,0.76,0.4,0.2672062
0.75,0.8,0.4,0.28765038
0.75,0.84,0.4,0.3091289
0.75,0.88,0.4,0.33171132
0.75,0.92,0.4,0.35546753
0.75,0.96,0.4,0.3804719
0.75,1.0,0.4,0.40680382
0.75,0.0,0.44,0.005732253
0.75,0.04,0.44,0.016198557
0.75,0.08,0.44,0.026813788
0.75,0.12,0.44,0.03759802
0.75,0.16,0.44,0.048575684
0.75,0.2,0.44,0.059772287
0.75,0.24,0.44,0.07121588
0.75,0.28,0.44,0.08297575
0.75,0.32,0.44,0.09511444
0.75,0.36,0.44,0.10767826
0.75,0.4,0.44,0.12071391
0.75,0.44,0.44,0.13426846
0.75,0.48,0.44,0.14838967
0.75,0.52,0.44,0.16312449
0.75,0.56,0.44,0.17851791
0.75,0.6,0.44,0.19461034
0.75,0.64,0.44,0.21145743
0.75,0.68,0.44,0.22911447
0.75,0.72,0.44,0.2476371
0.75,0.76,0.44,0.2670833
0.75,0.8,0.44,0.28751022
0.75,0.84,0.44,0.30896893
0.75,0.88,0.44,0.33152923
0.75,0.92,0.44,0.35525945
0.75,0.96,0.44,0.38023442
0.75,1.0,0.44,0.4065318
0.75,0.0,0.48,0.0058631077
0.75,0.04,0.48,0.016321637
0.75,0.08,0.48,0.026929028
0.75,0.12,0.48,0.03770515
0.75,0.16,0.48,0.048674636
0.75,0.2,0.48,0.059862673
0.75,0.24,0.48,0.071297124
0.75,0.28,0.48,0.083049014
0.75,0.32,0.48,0.09517961
0.75,0.36,0.48,0.107734665
0.75,0.4,0.48,0.120760836
0.75,0.44,0.48,0.13430512
0.75,0.48,0.48,0.14841378
0.75,0.52,0.48,0.16313243
0.75,0.56,0.48,0.17850848
0.75,0.6,0.48,0.19458133
0.75,0.64,0.48,0.21140723
0.75,0.68,0.48,0.22904126
0.75,0.72,0.48,0.24753852
0.75,0.76,0.48,0.26695698
0.75,0.8,0.48,0.28735688
0.75,0.84,0.48,0.30879703
0.75,0.88,0.48,0.3313348
0.75,0.92,0.48,0.3550404
0.75,0.96,0.48,0.37998667
0.75,1.0,0.48,0.40625134
0.75,0.0,0.52,0.005982876
0.75,0.04,0.52,0.016434211
0.75,0.08,0.52,0.027034173
0.75,0.12,0.52,0.037803147
0.75,0.16,0.52,0.04876507
0.75,0.2,0.52,0.059944384
0.75,0.24,0.52,0.07137059
0.75,0.28,0.52,0.08311535
0.75,0.32,0.52,0.09523842
0.75,0.36,0.52,0.107785374
0.75,0.4,0.52,0.12080247
0.75,0.44,0.52,0.13433632
0.75,0.48,0.52,0.14843151
0.75,0.52,0.52,0.16313466
0.75,0.56,0.52,0.17849351
0.75,0.6,0.52,0.1945478
0.75,0.64,0.52,0.2113539
0.75,0.68,0.52,0.22896552
0.75,0.72,0.52,0.24743831
0.75,0.76,0.52,0.2668299
0.75,0.8,0.52,0.2872002
0.75,0.84,0.52,0.30861282
0.75,0.88,0.52,0.33112982
0.75,0.92,0.52,0.35481066
0.75,0.96,0.52,0.37972948
0.75,1.0,0.52,0.40596274
0.75,0.0,0.56,0.0060921684
0.75,0.04,0.56,0.016536899
0.75,0.08,0.56,0.027129875
0.75,0.12,0.56,0.037891995
0.75,0.16,0.56,0.048846338
0.75,0.2,0.56,0.06001816
0.75,0.24,0.56,0.071436666
0.75,0.28,0.56,0.08317507
0.75,0.32,0.56,0.09529089
0.75,0.36,0.56,0.10783009
0.75,0.4,0.56,0.12083912
0.75,0.44,0.56,0.13436148
0.75,0.48,0.56,0.14844348
0.75,0.52,0.56,0.1631315
0.75,0.56,0.56,0.17847401
0.75,0.6,0.56,0.19451039
0.75,0.64,0.56,0.21129699
0.75,0.68,0.56,0.22888713
0.75,0.72,0.56,0.24733654
0.75,0.76,0.56,0.26670206
0.75,0.8,0.56,0.28704387
0.75,0.84,0.56,0.3084247
0.75,0.88,0.56,0.33091378
0.75,0.92,0.56,0.3545709
0.75,0.96,0.56,0.3794626
0.75,1.0,0.56,0.4056658
0.75,0.0,0.6,0.006191246
0.75,0.04,0.6,0.016629748
0.75,0.08,0.6,0.027216166
0.75,0.12,0.6,0.037972
0.75,0.16,0.6,0.048919596
0.75,0.2,0.6,0.060084555
0.75,0.24,0.6,0.071495675
0.75,0.28,0.6,0.083227724
0.75,0.32,0.6,0.09533735
0.75,0.36,0.6,0.107869774
0.75,0.4,0.6,0.120869465
0.75,0.44,0.6,0.13438089
0.75,0.48,0.6,0.14844927
0.75,0.52,0.6,0.16312298
0.75,0.56,0.6,0.17844981
0.75,0.6,0.6,0.19446911
0.75,0.64,0.6,0.2112369
0.75,0.68,0.6,0.22880682
0.75,0.72,0.6,0.24723354
0.75,0.76,0.6,0.26657397
0.75,0.8,0.6,0.28688818
0.75,0.84,0.6,0.30823863
0.75,0.88,0.6,0.33069286
0.75,0.92,0.6,0.3543225
0.75,0.96,0.6,0.37918812
0.75,1.0,0.6,0.40536118
0.75,0.0,0.64,0.0062803216
0.75,0.04,0.64,0.016713094
0.75,0.08,0.64,0.027293574
0.75,0.12,0.64,0.03804336
0.75,0.16,0.64,0.04898486
0.75,0.2,0.64,0.06014322
0.75,0.24,0.64,0.071548045
0.75,0.28,0.64,0.08327448
0.75,0.32,0.64,0.095378324
0.75,0.36,0.64,0.10790326
0.75,0.4,0.64,0.12089347
0.75,0.44,0.64,0.13439414
0.75,0.48,0.64,0.14845
0.75,0.52,0.64,0.16310965
0.75,0.56,0.64,0.17842148
0.75,0.6,0.64,0.19442469
0.75,0.64,0.64,0.21117444
0.75,0.68,0.64,0.22872466
0.75,0.72,0.64,0.24712968
0.75,0.76,0.64,0.26644585
0.75,0.8,0.64,0.28673327
0.75,0.84,0.64,0.30805418
0.75,0.88,0.64,0.33047542
0.75,0.92,0.64,0.3540684
0.75,0.96,0.64,0.37890512
0.75,1.0,0.64,0.40504915
0.75,0.0,0.68,0.0063599646
0.75,0.04,0.68,0.016787313
0.75,0.08,0.68,0.027362362
0.75,0.12,0.68,0.03810689
0.75,0.16,0.68,0.049042538
0.75,0.2,0.68,0.060194656
0.75,0.24,0.68,0.07159358
0.75,0.28,0.68,0.083315626
0.75,0.32,0.68,0.095413424
0.75,0.36,0.68,0.10793036
0.75,0.4,0.68,0.1209116
0.75,0.44,0.68,0.13440084
0.75,0.48,0.68,0.14844507
0.75,0.52,0.68,0.1630916
0.75,0.56,0.68,0.17838934
0.75,0.6,0.68,0.19437681
0.75,0.64,0.68,0.21110995
0.75,0.68,0.68,0.22864066
0.75,0.72,0.68,0.24702473
0.75,0.76,0.68,0.26631784
0.75,0.8,0.68,0.28657955
0.75,0.84,0.68,0.30787212
0.75,0.88,0.68,0.3302611
0.75,0.92,0.68,0.353819
0.75,0.96,0.68,0.37861726
0.75,1.0,0.68,0.4047299
0.75,0.0,0.72,0.0064297356
0.75,0.04,0.72,0.016852818
0.75,0.08,0.72,0.027422555
0.75,0.12,0.72,0.038162243
0.75,0.16,0.72,0.049092807
0.75,0.2,0.72,0.06023927
0.75,0.24,0.72,0.07163333
0.75,0.28,0.72,0.083350465
0.75,0.32,0.72,0.095441476
0.75,0.36,0.72,0.10795075
0.75,0.4,0.72,0.12092351
0.75,0.44,0.72,0.13440266
0.75,0.48,0.72,0.14843515
0.75,0.52,0.72,0.1630694
0.75,0.56,0.72,0.1783534
0.75,0.6,0.72,0.19432633
0.75,0.64,0.72,0.21104304
0.75,0.68,0.72,0.22855586
0.75,0.72,0.72,0.24691932
0.75,0.76,0.72,0.26619035
0.75,0.8,0.72,0.2864275
0.75,0.84,0.72,0.30769235
0.75,0.88,0.72,0.3300507
0.75,0.92,0.72,0.3535741
0.75,0.96,0.72,0.3783344
0.75,1.0,0.72,0.40440503
0.75,0.0,0.76,0.006491065
0.75,0.04,0.76,0.016909733
0.75,0.08,0.76,0.027474947
0.75,0.12,0.76,0.03821019
0.75,0.16,0.76,0.049135856
0.75,0.2,0.76,0.0602777
0.75,0.24,0.76,0.07166712
0.75,0.28,0.76,0.0833787
0.75,0.32,0.76,0.095463105
0.75,0.36,0.76,0.107965544
0.75,0.4,0.76,0.120929465
0.75,0.44,0.76,0.13439846
0.75,0.48,0.76,0.14842048
0.75,0.52,0.76,0.16304316
0.75,0.56,0.76,0.17831463
0.75,0.6,0.76,0.19427335
0.75,0.64,0.76,0.21097456
0.75,0.68,0.76,0.22847003
0.75,0.72,0.76,0.24681434
0.75,0.76,0.76,0.266064
0.75,0.8,0.76,0.28627676
0.75,0.84,0.76,0.3075153
0.75,0.88,0.76,0.32984427
0.75,0.92,0.76,0.35333425
0.75,0.96,0.76,0.3780571
0.75,1.0,0.76,0.40408495
0.75,0.0,0.8,0.0065429956
0.75,0.04,0.8,0.016957909
0.75,0.08,0.8,0.027519258
0.75,0.12,0.8,0.038250595
0.75,0.16,0.8,0.04917232
0.75,0.2,0.8,0.060309708
0.75,0.24,0.8,0.07169367
0.75,0.28,0.8,0.08339971
0.75,0.32,0.8,0.095478415
0.75,0.36,0.8,0.10797411
0.75,0.4,0.8,0.12092908
0.75,0.44,0.8,0.1343894
0.75,0.48,0.8,0.14840147
0.75,0.52,0.8,0.16301283
0.75,0.56,0.8,0.17827238
0.75,0.6,0.8,0.19421808
0.75,0.64,0.8,0.21090408
0.75,0.68,0.8,0.22838353
0.75,0.72,0.8,0.24670942
0.75,0.76,0.8,0.26593834
0.75,0.8,0.8,0.28612852
0.75,0.84,0.8,0.30734134
0.75,0.88,0.8,0.3296417
0.75,0.92,0.8,0.35309926
0.75,0.96,0.8,0.3777853
0.75,1.0,0.8,0.40377185
0.75,0.0,0.84,0.0065868497
0.75,0.04,0.84,0.01699844
0.75,0.08,0.84,0.027556702
0.75,0.12,0.84,0.03828428
0.75,0.16,0.84,0.049202308
0.75,0.2,0.84,0.0603351
0.75,0.24,0.84,0.071713656
0.75,0.28,0.84,0.0834145
0.75,0.32,0.84,0.095487624
0.75,0.36,0.84,0.10797675
0.75,0.4,0.84,0.120924056
0.75,0.44,0.84,0.13437556
0.75,0.48,0.84,0.14837827
0.75,0.52,0.84,0.16297968
0.75,0.56,0.84,0.17822756
0.75,0.6,0.84,0.19416064
0.75,0.64,0.84,0.21083324
0.75,0.68,0.84,0.22829665
0.75,0.72,0.84,0.24660507
0.75,0.76,0.84,0.26581436
0.75,0.8,0.84,0.28598255
0.75,0.84,0.84,0.3071705
0.75,0.88,0.84,0.32944345
0.75,0.92,0.84,0.35287
0.75,0.96,0.84,0.37751985
0.75,1.0,0.84,0.40346578
0.75,0.0,0.88,0.006622009
0.75,0.04,0.88,0.017030895
0.75,0.08,0.88,0.027586298
0.75,0.12,0.88,0.038311098
0.75,0.16,0.88,0.049226046
0.75,0.2,0.88,0.06035324
0.75,0.24,0.88,0.07172618
0.75,0.28,0.88,0.08342238
0.75,0.32,0.88,0.09549094
0.75,0.36,0.88,0.1079736
0.75,0.4,0.88,0.12091373
0.75,0.44,0.88,0.13435738
0.75,0.48,0.88,0.14835131
0.75,0.52,0.88,0.1629429
0.75,0.56,0.88,0.17818071
0.75,0.6,0.88,0.19410208
0.75,0.64,0.88,0.21076104
0.75,0.68,0.88,0.22820982
0.75,0.72,0.88,0.24650142
0.75,0.76,0.88,0.265692
0.75,0.8,0.88,0.28583905
0.75,0.84,0.88,0.30700347
0.75,0.88,0.88,0.32924977
0.75,0.92,0.88,0.35264558
0.75,0.96,0.88,0.37726015
0.75,1.0,0.88,0.40316737
0.75,0.0,0.92,0.006649241
0.75,0.04,0.92,0.01705645
0.75,0.08,0.92,0.02760923
0.75,0.12,0.92,0.038331784
0.75,0.16,0.92,0.049242213
0.75,0.2,0.92,0.060363658
0.75,0.24,0.92,0.071732275
0.75,0.28,0.92,0.08342443
0.75,0.32,0.92,0.095488645
0.75,0.36,0.92,0.10796513
0.75,0.4,0.92,0.12089861
0.75,0.44,0.92,0.134335
0.75,0.48,0.92,0.14832059
0.75,0.52,0.92,0.16290365
0.75,0.56,0.92,0.17813113
0.75,0.6,0.92,0.19404185
0.75,0.64,0.92,0.21068841
0.75,0.68,0.92,0.228123
0.75,0.72,0.92,0.24639924
0.75,0.76,0.92,0.26557124
0.75,0.8,0.92,0.28569835
0.75,0.84,0.92,0.3068399
0.75,0.88,0.92,0.329061
0.75,0.92,0.92,0.3524264
0.75,0.96,0.92,0.3770071
0.75,1.0,0.92,0.40287635
0.75,0.0,0.96,0.006666284
0.75,0.04,0.96,0.017072953
0.75,0.08,0.96,0.027625479
0.75,0.12,0.96,0.03834477
0.75,0.16,0.96,0.0492508
0.75,0.2,0.96,0.060367346
0.75,0.24,0.96,0.07173188
0.75,0.28,0.96,0.08342072
0.75,0.32,0.96,0.09548031
0.75,0.36,0.96,0.107951656
0.75,0.4,0.96,0.120878786
0.75,0.44,0.96,0.13430859
0.75,0.48,0.96,0.14828722
0.75,0.52,0.96,0.16286191
0.75,0.56,0.96,0.17808002
0.75,0.6,0.96,0.1939805
0.75,0.64,0.96,0.2106155
0.75,0.68,0.96,0.22803682
0.75,0.72,0.96,0.24629769
0.75,0.76,0.96,0.2654531
0.75,0.8,0.96,0.2855606
0.75,0.84,0.96,0.30668133
0.75,0.88,0.96,0.3288771
0.75,0.92,0.96,0.35221303
0.75,0.96,0.96,0.376761
0.75,1.0,0.96,0.402594
0.75,0.0,1.0,0.006672945
0.75,0.04,1.0,0.017079644
0.75,0.08,1.0,0.027631871
0.75,0.12,1.0,0.038349025
0.75,0.16,1.0,0.04925199
0.75,0.2,1.0,0.060364444
0.75,0.24,1.0,0.071725585
0.75,0.28,1.0,0.08341172
0.75,0.32,1.0,0.09546706
0.75,0.36,1.0,0.10793298
0.75,0.4,1.0,0.120854996
0.75,0.44,1.0,0.13427866
0.75,0.48,1.0,0.14825058
0.75,0.52,1.0,0.16281788
0.75,0.56,1.0,0.1780277
0.75,0.6,1.0,0.19391844
0.75,0.64,1.0,0.21054244
0.75,0.68,1.0,0.22795144
0.75,0.72,1.0,0.2461981
0.75,0.76,1.0,0.2653373
0.75,0.8,1.0,0.2854268
0.75,0.84,1.0,0.30652598
0.75,0.88,1.0,0.32869768
0.75,0.92,1.0,0.35200554
0.75,0.96,1.0,0.37652153
0.75,1.0,1.0,0.40232113
1.0,0.0,0.0,0.010641947
1.0,0.04,0.0,0.021515884
1.0,0.08,0.0,0.032561988
1.0,0.12,0.0,0.043803327
1.0,0.16,0.0,0.05526318
1.0,0.2,0.0,0.06696476
1.0,0.24,0.0,0.078932896
1.0,0.28,0.0,0.09119265
1.0,0.32,0.0,0.103775434
1.0,0.36,0.0,0.11676485
1.0,0.4,0.0,0.1302264
1.0,0.44,0.0,0.14419946
1.0,0.48,0.0,0.15872219
1.0,0.52,0.0,0.17382261
1.0,0.56,0.0,0.18953452
1.0,0.6,0.0,0.20589596
1.0,0.64,0.0,0.22295175
1.0,0.68,0.0,0.24074882
1.0,0.72,0.0,0.25933558
1.0,0.76,0.0,0.27876246
1.0,0.8,0.0,0.2990818
1.0,0.84,0.0,0.32034922
1.0,0.88,0.0,0.34262222
1.0,0.92,0.0,0.36596173
1.0,0.96,0.0,0.3904321
1.0,1.0,0.0,0.41606212
1.0,0.0,0.04,0.010882951
1.0,0.04,0.04,0.021741174
1.0,0.08,0.04,0.03277082
1.0,0.12,0.04,0.04399495
1.0,0.16,0.04,0.055436272
1.0,0.2,0.04,0.06711896
1.0,0.24,0.04,0.07906701
1.0,0.28,0.04,0.09130553
1.0,0.32,0.04,0.103866115
1.0,0.36,0.04,0.11683294
1.0,0.4,0.04,0.13026935
1.0,0.44,0.04,0.14421505
1.0,0.48,0.04,0.15870899
1.0,0.52,0.04,0.17377916
1.0,0.56,0.04,0.18946937
1.0,0.6,0.04,0.20581184
1.0,0.64,0.04,0.22284628
1.0,0.68,0.04,0.24061984
1.0,0.72,0.04,0.25918055
1.0,0.76,0.04,0.2785787
1.0,0.8,0.04,0.29886633
1.0,0.84,0.04,0.32009873
1.0,0.88,0.04,0.34233335
1.0,0.92,0.04,0.3656305
1.0,0.96,0.04,0.3900546
1.0,1.0,0.04,0.41566092
1.0,0.0,0.08,0.011104867
1.0,0.04,0.08,0.021948226
1.0,0.08,0.08,0.03296235
1.0,0.12,0.08,0.044170007
1.0,0.16,0.08,0.055594206
1.0,0.2,0.08,0.067258835
1.0,0.24,0.08,0.07918804
1.0,0.28,0.08,0.091406286
1.0,0.32,0.08,0.10394483
1.0,0.36,0.08,0.116889015
1.0,0.4,0.08,0.13030082
1.0,0.44,0.08,0.14422038
1.0,0.48,0.08,0.15868677
1.0,0.52,0.08,0.17372784
1.0,0.56,0.08,0.1893871
1.0,0.6,0.08,0.20570871
1.0,0.64,0.08,0.22272328
1.0,0.68,0.08,0.24047476
1.0,0.72,0.08,0.2590111
1.0,0.76,0.08,0.2783816
1.0,0.8,0.08,0.29863888
1.0,0.84,0.08,0.31983775
1.0,0.88,0.08,0.34203547
1.0,0.92,0.08,0.36529213
1.0,0.96,0.08,0.38967162
1.0,1.0,0.08,0.4152383
1.0,0.0,0.12,0.011308286
1.0,0.04,0.12,0.022137504
1.0,0.08,0.12,0.033136692
1.0,0.12,0.12,0.044329062
1.0,0.16,0.12,0.055737015
1.0,0.2,0.12,0.06738439
1.0,0.24,0.12,0.079295784
1.0,0.28,0.12,0.09149426
1.0,0.32,0.12,0.10401113
1.0,0.36,0.12,0.116933346
1.0,0.4,0.12,0.13032123
1.0,0.44,0.12,0.14421558
1.0,0.48,0.12,0.1586557
1.0,0.52,0.12,0.17366898
1.0,0.56,0.12,0.18929732
1.0,0.6,0.12,0.20558827
1.0,0.64,0.12,0.22258312
1.0,0.68,0.12,0.24031359
1.0,0.72,0.12,0.25882626
1.0,0.76,0.12,0.2781706
1.0,0.8,0.12,0.29839933
1.0,0.84,0.12,0.3195662
1.0,0.88,0.12,0.3417286
1.0,0.92,0.12,0.36494598
1.0,0.96,0.12,0.38928273
1.0,1.0,0.12,0.414805
1.0,0.0,0.16,0.011493158
1.0,0.04,0.16,0.022309147
1.0,0.08,0.16,0.033294655
1.0,0.12,0.16,0.044472236
1.0,0.16,0.16,0.05586516
1.0,0.2,0.16,0.067496434
1.0,0.24,0.16,0.07939058
1.0,0.28,0.16,0.09156941
1.0,0.32,0.16,0.10406534
1.0,0.36,0.16,0.11696517
1.0,0.4,0.16,0.13033044
1.0,0.44,0.16,0.14420138
1.0,0.48,0.16,0.15861633
1.0,0.52,0.16,0.17360297
1.0,0.56,0.16,0.18920216
1.0,0.6,0.16,0.20546146
1.0,0.64,0.16,0.22242624
1.0,0.68,0.16,0.2401362
1.0,0.72,0.16,0.25862715
1.0,0.76,0.16,0.27794698
1.0,0.8,0.16,0.2981484
1.0,0.84,0.16,0.31928474
1.0,0.88,0.16,0.3414131
1.0,0.92,0.16,0.36459365
1.0,0.96,0.16,0.3888887
1.0,1.0,0.16,0.41436568
1.0,0.0,0.2,0.011660881
1.0,0.04,0.2,0.022463752
1.0,0.08,0.2,0.033436395
1.0,0.12,0.2,0.044600233
1.0,0.16,0.2,0.055978775
1.0,0.2,0.2,0.06759491
1.0,0.24,0.2,0.07947202
1.0,0.28,0.2,0.091631114
1.0,0.32,0.2,0.104106426
1.0,0.36,0.2,0.11698568
1.0,0.4,0.2,0.13032913
1.0,0.44,0.2,0.14417717
1.0,0.48,0.2,0.15856807
1.0,0.52,0.2,0.17352945
1.0,0.56,0.2,0.18910086
1.0,0.6,0.2,0.20533046
1.0,0.64,0.2,0.22226283
1.0,0.68,0.2,0.2399439
1.0,0.72,0.2,0.25841385
1.0,0.76,0.2,0.27771068
1.0,0.8,0.2,0.29788572
1.0,0.84,0.2,0.31899315
1.0,0.88,0.2,0.34108952
1.0,0.92,0.2,0.36423394
1.0,0.96,0.2,0.38848945
1.0,1.0,0.2,0.4139228
1.0,0.0,0.24,0.011813398
1.0,0.04,0.24,0.022603454
1.0,0.08,0.24,0.033563085
1.0,0.12,0.24,0.044713862
1.0,0.16,0.24,0.05607818
1.0,0.2,0.24,0.0676802
1.0,0.24,0.24,0.07954028
1.0,0.28,0.24,0.091679156
1.0,0.32,0.24,0.10413472
1.0,0.36,0.24,0.116994366
1.0,0.4,0.24,0.1303176
1.0,0.44,0.24,0.14414379
1.0,0.48,0.24,0.15851206
1.0,0.52,0.24,0.173449
1.0,0.56,0.24,0.18899398
1.0,0.6,0.24,0.20519504
1.0,0.64,0.24,0.22209668
1.0,0.68,0.24,0.23974489
1.0,0.72,0.24,0.25818682
1.0,0.76,0.24,0.27746165
1.0,0.8,0.24,0.2976122
1.0,0.84,0.24,0.3186919
1.0,0.88,0.24,0.3407574
1.0,0.92,0.24,0.36386782
1.0,0.96,0.24,0.38808528
1.0,1.0,0.24,0.41347638
1.0,0.0,0.28,0.011952393
1.0,0.04,0.28,0.02273019
1.0,0.08,0.28,0.033676986
1.0,0.12,0.28,0.044814326
1.0,0.16,0.28,0.05616546
1.0,0.2,0.28,0.0677524
1.0,0.24,0.28,0.07959461
1.0,0.28,0.28,0.091713876
1.0,0.32,0.28,0.1041507
1.0,0.36,0.28,0.11699209
1.0,0.4,0.28,0.13029541
1.0,0.44,0.28,0.14410135
1.0,0.48,0.28,0.15844782
1.0,0.52,0.28,0.17336223
1.0,0.56,0.28,0.18888213
1.0,0.6,0.28,0.20505562
1.0,0.64,0.28,0.22192802
1.0,0.68,0.28,0.23954454
1.0,0.72,0.28,0.2579525
1.0,0.76,0.28,0.2772003
1.0,0.8,0.28,0.29732758
1.0,0.84,0.28,0.3183812
1.0,0.88,0.28,0.34041715
1.0,0.92,0.28,0.36349508
1.0,0.96,0.28,0.3876762
1.0,1.0,0.28,0.41302678
1.0,0.0,0.32,0.01207814
1.0,0.04,0.32,0.022844136
1.0,0.08,0.32,0.033778556
1.0,0.12,0.32,0.04490365
1.0,0.16,0.32,0.05624162
1.0,0.2,0.32,0.06781286
1.0,0.24,0.32,0.0796362
1.0,0.28,0.32,0.09173669
1.0,0.32,0.32,0.10415529
1.0,0.36,0.32,0.11697848
1.0,0.4,0.32,0.13026361
1.0,0.44,0.32,0.14404987
1.0,0.48,0.32,0.1583762
1.0,0.52,0.32,0.17326814
1.0,0.56,0.32,0.18876457
1.0,0.6,0.32,0.20491236
1.0,0.64,0.32,0.22175659
1.0,0.68,0.32,0.23934306
1.0,0.72,0.32,0.25771862
1.0,0.76,0.32,0.27693146
1.0,0.8,0.32,0.29703265
1.0,0.84,0.32,0.31806114
1.0,0.88,0.32,0.3400695
1.0,0.92,0.32,0.36311588
1.0,0.96,0.32,0.38726225
1.0,1.0,0.32,0.41257447
1.0,0.0,0.36,0.012190774
1.0,0.04,0.36,0.022945521
1.0,0.08,0.36,0.033868477
1.0,0.12,0.36,0.044981293
1.0,0.16,0.36,0.056305908
1.0,0.2,0.36,0.06786026
1.0,0.24,0.36,0.07966604
1.0,0.28,0.36,0.09174834
1.0,0.32,0.36,0.10414927
1.0,0.36,0.36,0.11695525
1.0,0.4,0.36,0.13022248
1.0,0.44,0.36,0.1439901
1.0,0.48,0.36,0.15829685
1.0,0.52,0.36,0.17316839
1.0,0.56,0.36,0.18864238
1.0,0.6,0.36,0.2047653
1.0,0.64,0.36,0.22158317
1.0,0.68,0.36,0.23914096
1.0,0.72,0.36,0.25748518
1.0,0.76,0.36,0.2766646
1.0,0.8,0.36,0.29672983
1.0,0.84,0.36,0.31773245
1.0,0.88,0.36,0.33971432
1.0,0.92,0.36,0.36273104
1.0,0.96,0.36,0.38684407
1.0,1.0,0.36,0.41211903
1.0,0.0,0.4,0.012291234
1.0,0.04,0.4,0.023035213
1.0,0.08,0.4,0.033946972
1.0,0.12,0.4,0.0450478
1.0,0.16,0.4,0.05635824
1.0,0.2,0.4,0.067896046
1.0,0.24,0.4,0.07968493
1.0,0.28,0.4,0.09174913
1.0,0.32,0.4,0.10413292
1.0,0.36,0.4,0.11692266
1.0,0.4,0.4,0.13017246
1.0,0.44,0.4,0.14392236
1.0,0.48,0.4,0.15820998
1.0,0.52,0.4,0.17306179
1.0,0.56,0.4,0.18851458
1.0,0.6,0.4,0.20461437
1.0,0.64,0.4,0.22140709
1.0,0.68,0.4,0.23893785
1.0,0.72,0.4,0.25725257
1.0,0.76,0.4,0.27639982
1.0,0.8,0.4,0.29643035
1.0,0.84,0.4,0.31739658
1.0,0.88,0.4,0.3393518
1.0,0.92,0.4,0.36234045
1.0,0.96,0.4,0.38642183
1.0,1.0,0.4,0.41166076
1.0,0.0,0.44,0.012379281
1.0,0.04,0.44,0.023113182
1.0,0.08,0.44,0.034014136
1.0,0.12,0.44,0.04510268
1.0,0.16,0.44,0.05639819
1.0,0.2,0.44,0.06791989
1.0,0.24,0.44,0.07969233
1.0,0.28,0.44,0.091739625
1.0,0.32,0.44,0.104107425
1.0,0.36,0.44,0.11688098
1.0,0.4,0.44,0.13011426
1.0,0.44,0.44,0.14384653
1.0,0.48,0.44,0.1581165
1.0,0.52,0.44,0.17294925
1.0,0.56,0.44,0.18838173
1.0,0.6,0.44,0.20445906
1.0,0.64,0.44,0.22122797
1.0,0.68,0.44,0.23873293
1.0,0.72,0.44,0.25702
1.0,0.76,0.44,0.27613664
1.0,0.8,0.44,0.29613435
1.0,0.84,0.44,0.31706455
1.0,0.88,0.44,0.3389833
1.0,0.92,0.44,0.36194417
1.0,0.96,0.44,0.38599512
1.0,1.0,0.44,0.41120008
1.0,0.0,0.48,0.012455992
1.0,0.04,0.48,0.023179794
1.0,0.08,0.48,0.034069575
1.0,0.12,0.48,0.04514565
1.0,0.16,0.48,0.056426395
1.0,0.2,0.48,0.06793306
1.0,0.24,0.48,0.07968907
1.0,0.28,0.48,0.09172
1.0,0.32,0.48,0.10407239
1.0,0.36,0.48,0.11683056
1.0,0.4,0.48,0.13004819
1.0,0.44,0.48,0.14376396
1.0,0.48,0.48,0.15801613
1.0,0.52,0.48,0.17283067
1.0,0.56,0.48,0.18824361
1.0,0.6,0.48,0.20429969
1.0,0.64,0.48,0.22104537
1.0,0.68,0.48,0.2385256
1.0,0.72,0.48,0.2567855
1.0,0.76,0.48,0.27587408
1.0,0.8,0.48,0.2958402
1.0,0.84,0.48,0.3167365
1.0,0.88,0.48,0.33861807
1.0,0.92,0.48,0.36154315
1.0,0.96,0.48,0.38556483
1.0,1.0,0.48,0.4107375
1.0,0.0,0.52,0.0125212185
1.0,0.04,0.52,0.023235252
1.0,0.08,0.52,0.034113146
1.0,0.12,0.52,0.04517662
1.0,0.16,0.52,0.056443356
1.0,0.2,0.52,0.06793505
1.0,0.24,0.52,0.07967612
1.0,0.28,0.52,0.0916909
1.0,0.32,0.52,0.104028665
1.0,0.36,0.52,0.116772085
1.0,0.4,0.52,0.12997434
1.0,0.44,0.52,0.14367434
1.0,0.48,0.52,0.15790962
1.0,0.52,0.52,0.17270653
1.0,0.56,0.52,0.18810083
1.0,0.6,0.52,0.20413618
1.0,0.64,0.52,0.22085974
1.0,0.68,0.52,0.23831584
1.0,0.72,0.52,0.25655004
1.0,0.76,0.52,0.2756105
1.0,0.8,0.52,0.29554644
1.0,0.84,0.52,0.3164103
1.0,0.88,0.52,0.33825633
1.0,0.92,0.52,0.3611428
1.0,0.96,0.52,0.3851297
1.0,1.0,0.52,0.41027227
1.0,0.0,0.56,0.012575373
1.0,0.04,0.56,0.023278467
1.0,0.08,0.56,0.034145523
1.0,0.12,0.56,0.04519634
1.0,0.16,0.56,0.056448966
1.0,0.2,0.56,0.06792655
1.0,0.24,0.56,0.07965307
1.0,0.28,0.56,0.09165251
1.0,0.32,0.56,0.1039763
1.0,0.36,0.56,0.1167058
1.0,0.4,0.56,0.12989339
1.0,0.44,0.56,0.14357778
1.0,0.48,0.56,0.15779755
1.0,0.52,0.56,0.17257753
1.0,0.56,0.56,0.1879536
1.0,0.6,0.56,0.20396926
1.0,0.64,0.56,0.22067133
1.0,0.68,0.56,0.2381042
1.0,0.72,0.56,0.25631356
1.0,0.76,0.56,0.27534682
1.0,0.8,0.56,0.29525375
1.0,0.84,0.56,0.3160854
1.0,0.88,0.56,0.3378974
1.0,0.92,0.56,0.36074626
1.0,0.96,0.56,0.3846923
1.0,1.0,0.56,0.40980008
1.0,0.0,0.6,0.01261729
1.0,0.04,0.6,0.023310293
1.0,0.08,0.6,0.03416697
1.0,0.12,0.6,0.045204695
1.0,0.16,0.6,0.056444388
1.0,0.2,0.6,0.0679085
1.0,0.24,0.6,0.079620615
1.0,0.28,0.6,0.09160556
1.0,0.32,0.6,0.103915654
1.0,0.36,0.6,0.11663168
1.0,0.4,0.6,0.1298059
1.0,0.44,0.6,0.1434759
1.0,0.48,0.6,0.1576798
1.0,0.52,0.6,0.17244373
1.0,0.56,0.6,0.18780264
1.0,0.6,0.6,0.20379895
1.0,0.64,0.6,0.2204803
1.0,0.68,0.6,0.2378911
1.0,0.72,0.6,0.2560764
1.0,0.76,0.6,0.27508348
1.0,0.8,0.6,0.29496175
1.0,0.84,0.6,0.31576306
1.0,0.88,0.6,0.33754113
1.0,0.92,0.6,0.36035368
1.0,0.96,0.6,0.38426033
1.0,1.0,0.6,0.40932506
1.0,0.0,0.64,0.012647536
1.0,0.04,0.64,0.023330906
1.0,0.08,0.64,0.034176916
1.0,0.12,0.64,0.04520291
1.0,0.16,0.64,0.056429498
1.0,0.2,0.64,0.06788052
1.0,0.24,0.64,0.079579175
1.0,0.28,0.64,0.091549814
1.0,0.32,0.64,0.10384761
1.0,0.36,0.64,0.116551
1.0,0.4,0.64,0.12971172
1.0,0.44,0.64,0.14336777
1.0,0.48,0.64,0.15755725
1.0,0.52,0.64,0.17230563
1.0,0.56,0.64,0.18764752
1.0,0.6,0.64,0.2036264
1.0,0.64,0.64,0.22028768
1.0,0.68,0.64,0.23767677
1.0,0.72,0.64,0.2558389
1.0,0.76,0.64,0.27482063
1.0,0.8,0.64,0.29467157
1.0,0.84,0.64,0.31544292
1.0,0.88,0.64,0.3371888
1.0,0.92,0.64,0.3599659
1.0,0.96,0.64,0.3838338
1.0,1.0,0.64,0.40885624
1.0,0.0,0.68,0.012666743
1.0,0.04,0.68,0.023340698
1.0,0.08,0.68,0.03417644
1.0,0.12,0.68,0.045190133
1.0,0.16,0.68,0.056404803
1.0,0.2,0.68,0.06784351
1.0,0.24,0.68,0.07952905
1.0,0.28,0.68,0.091486245
1.0,0.32,0.68,0.10377206
1.0,0.36,0.68,0.11646356
1.0,0.4,0.68,0.12961179
1.0,0.44,0.68,0.14325437
1.0,0.48,0.68,0.15742967
1.0,0.52,0.68,0.17216372
1.0,0.56,0.68,0.18748985
1.0,0.6,0.68,0.20345066
1.0,0.64,0.68,0.22009338
1.0,0.68,0.68,0.23746167
1.0,0.72,0.68,0.2556013
1.0,0.76,0.68,0.27455896
1.0,0.8,0.68,0.2943833
1.0,0.84,0.68,0.3151256
1.0,0.88,0.68,0.33683968
1.0,0.92,0.68,0.35958254
1.0,0.96,0.68,0.3834134
1.0,1.0,0.68,0.4083946
1.0,0.0,0.72,0.012674693
1.0,0.04,0.72,0.02334029
1.0,0.08,0.72,0.0341651
1.0,0.12,0.72,0.04516784
1.0,0.16,0.72,0.056370687
1.0,0.2,0.72,0.067797355
1.0,0.24,0.72,0.07947076
1.0,0.28,0.72,0.09141517
1.0,0.32,0.72,0.10368983
1.0,0.36,0.72,0.1163696
1.0,0.4,0.72,0.12950572
1.0,0.44,0.72,0.143136
1.0,0.48,0.72,0.15729803
1.0,0.52,0.72,0.17201772
1.0,0.56,0.72,0.18732876
1.0,0.6,0.72,0.2032734
1.0,0.64,0.72,0.21989757
1.0,0.68,0.72,0.23724632
1.0,0.72,0.72,0.25536412
1.0,0.76,0.72,0.2742982
1.0,0.8,0.72,0.29409665
1.0,0.84,0.72,0.3148116
1.0,0.88,0.72,0.3364952
1.0,0.92,0.72,0.35920462
1.0,0.96,0.72,0.38299885
1.0,1.0,0.72,0.4079404
1.0,0.0,0.76,0.01267232
1.0,0.04,0.76,0.023329245
1.0,0.08,0.76,0.03414402
1.0,0.12,0.76,0.04513556
1.0,0.16,0.76,0.05632768
1.0,0.2,0.76,0.06774288
1.0,0.24,0.76,0.07940459
1.0,0.28,0.76,0.09133668
1.0,0.32,0.76,0.10360078
1.0,0.36,0.76,0.11626967
1.0,0.4,0.76,0.12939452
1.0,0.44,0.76,0.143013
1.0,0.48,0.76,0.1571626
1.0,0.52,0.76,0.17186868
1.0,0.56,0.76,0.18716528
1.0,0.6,0.76,0.20309412
1.0,0.64,0.76,0.2197011
1.0,0.68,0.76,0.23703054
1.0,0.72,0.76,0.25512773
1.0,0.76,0.76,0.27403924
1.0,0.8,0.76,0.29381317
1.0,0.84,0.76,0.31450036
1.0,0.88,0.76,0.3361547
1.0,0.92,0.76,0.35883197
1.0,0.96,0.76,0.3825907
1.0,1.0,0.76,0.40749395
1.0,0.0,0.8,0.012659851
1.0,0.04,0.8,0.02330832
1.0,0.08,0.8,0.03411273
1.0,0.12,0.8,0.04509431
1.0,0.16,0.8,0.05627603
1.0,0.2,0.8,0.06768039
1.0,0.24,0.8,0.079330906
1.0,0.28,0.8,0.09125135
1.0,0.32,0.8,0.10350567
1.0,0.36,0.8,0.11616451
1.0,0.4,0.8,0.12927854
1.0,0.44,0.8,0.14288568
1.0,0.48,0.8,0.15702341
1.0,0.52,0.8,0.17171673
1.0,0.56,0.8,0.1869998
1.0,0.6,0.8,0.20291388
1.0,0.64,0.8,0.21950361
1.0,0.68,0.8,0.23681505
1.0,0.72,0.8,0.25489253
1.0,0.76,0.8,0.27378213
1.0,0.8,0.8,0.2935323
1.0,0.84,0.8,0.3141934
1.0,0.88,0.8,0.33581907
1.0,0.92,0.8,0.35846454
1.0,0.96,0.8,0.38218918
1.0,1.0,0.8,0.40705487
1.0,0.0,0.84,0.012637753
1.0,0.04,0.84,0.023277212
1.0,0.08,0.84,0.034072086
1.0,0.12,0.84,0.045044076
1.0,0.16,0.84,0.056215957
1.0,0.2,0.84,0.06760995
1.0,0.24,0.84,0.07924998
1.0,0.28,0.84,0.09115977
1.0,0.32,0.84,0.103404485
1.0,0.36,0.84,0.11605388
1.0,0.4,0.84,0.12915811
1.0,0.44,0.84,0.14275445
1.0,0.48,0.84,0.15688092
1.0,0.52,0.84,0.17156273
1.0,0.56,0.84,0.18683268
1.0,0.6,0.84,0.20273231
1.0,0.64,0.84,0.21930625
1.0,0.68,0.84,0.23660004
1.0,0.72,0.84,0.25465864
1.0,0.76,0.84,0.2735272
1.0,0.8,0.84,0.29325458
1.0,0.84,0.84,0.3138906
1.0,0.88,0.84,0.33548865
1.0,0.92,0.84,0.358104
1.0,0.96,0.84,0.38179523
1.0,1.0,0.84,0.40662423
1.0,0.0,0.88,0.01260585
1.0,0.04,0.88,0.023236368
1.0,0.08,0.88,0.034022518
1.0,0.12,0.88,0.04498554
1.0,0.16,0.88,0.05614799
1.0,0.2,0.88,0.06753255
1.0,0.24,0.88,0.07916242
1.0,0.28,0.88,0.09106215
1.0,0.32,0.88,0.10329819
1.0,0.36,0.88,0.11593859
1.0,0.4,0.88,0.12903321
1.0,0.44,0.88,0.14261994
1.0,0.48,0.88,0.15673572
1.0,0.52,0.88,0.17140603
1.0,0.56,0.88,0.18666364
1.0,0.6,0.88,0.20255002
1.0,0.64,0.88,0.21910883
1.0,0.68,0.88,0.23638621
1.0,0.72,0.88,0.2544261
1.0,0.76,0.88,0.27327484
1.0,0.8,0.88,0.29298016
1.0,0.84,0.88,0.31359196
1.0,0.88,0.88,0.33516303
1.0,0.92,0.88,0.3577493
1.0,0.96,0.88,0.38140836
1.0,1.0,0.88,0.40620202
1.0,0.0,0.92,0.012564547
1.0,0.04,0.92,0.023186808
1.0,0.08,0.92,0.033964388
1.0,0.12,0.92,0.04491887
1.0,0.16,0.92,0.05607246
1.0,0.2,0.92,0.06744784
1.0,0.24,0.92,0.07906851
1.0,0.28,0.92,0.09095848
1.0,0.32,0.92,0.10318657
1.0,0.36,0.92,0.11581865
1.0,0.4,0.92,0.12890455
1.0,0.44,0.92,0.14248186
1.0,0.48,0.92,0.15658802
1.0,0.52,0.92,0.17124765
1.0,0.56,0.92,0.18649387
1.0,0.6,0.92,0.20236725
1.0,0.64,0.92,0.21891198
1.0,0.68,0.92,0.23617345
1.0,0.72,0.92,0.25419593
1.0,0.76,0.92,0.27302533
1.0,0.8,0.92,0.29270953
1.0,0.84,0.92,0.31329808
1.0,0.88,0.92,0.33484367
1.0,0.92,0.92,0.35740128
1.0,0.96,0.92,0.38102916
1.0,1.0,0.92,0.40578836
1.0,0.0,0.96,0.012513917
1.0,0.04,0.96,0.023128413
1.0,0.08,0.96,0.033898007
1.0,0.12,0.96,0.044844273
1.0,0.16,0.96,0.055989653
1.0,0.2,0.96,0.067356765
1.0,0.24,0.96,0.078968264
1.0,0.28,0.96,0.09085007
1.0,0.32,0.96,0.10307045
1.0,0.36,0.96,0.11569475
1.0,0.4,0.96,0.12877265
1.0,0.44,0.96,0.14234127
1.0,0.48,0.96,0.1564383
1.0,0.52,0.96,0.17108789
1.0,0.56,0.96,0.18632309
1.0,0.6,0.96,0.20218487
1.0,0.64,0.96,0.21871558
1.0,0.68,0.96,0.23596235
1.0,0.72,0.96,0.25396812
1.0,0.76,0.96,0.2727793
1.0,0.8,0.96,0.292443
1.0,0.84,0.96,0.31300914
1.0,0.88,0.96,0.33452997
1.0,0.92,0.96,0.35706043
1.0,0.96,0.96,0.38065803
1.0,1.0,0.96,0.40538406
1.0,0.0,1.0,0.012454364
1.0,0.04,1.0,0.02306181
1.0,0.08,1.0,0.033823706
1.0,0.12,1.0,0.044762522
1.0,0.16,1.0,0.05590039
1.0,0.2,1.0,0.067259476
1.0,0.24,1.0,0.07886275
1.0,0.28,1.0,0.0907359
1.0,0.32,1.0,0.10295
1.0,0.36,1.0,0.1155671
1.0,0.4,1.0,0.12863752
1.0,0.44,1.0,0.1421983
1.0,0.48,1.0,0.15628646
1.0,0.52,1.0,0.17092714
1.0,0.56,1.0,0.18615252
1.0,0.6,1.0,0.20200245
1.0,0.64,1.0,0.21852064
1.0,0.68,1.0,0.23575306
1.0,0.72,1.0,0.253743
1.0,0.76,1.0,0.27253658
1.0,0.8,1.0,0.29218102
1.0,0.84,1.0,0.31272554
1.0,0.88,1.0,0.33422247
1.0,0.92,1.0,0.3567267
1.0,0.96,1.0,0.38029528
1.0,1.0,1.0,0.40498933
