time,X,Y,Theta
0.0,0.0,0.0,-0.056646522
0.0,0.04,0.0,-0.056671683
0.0,0.08,0.0,-0.056133952
0.0,0.12,0.0,-0.055046774
0.0,0.16,0.0,-0.05360934
0.0,0.2,0.0,-0.051756896
0.0,0.24,0.0,-0.04938246
0.0,0.28,0.0,-0.046453957
0.0,0.32,0.0,-0.042941555
0.0,0.36,0.0,-0.038818777
0.0,0.4,0.0,-0.034075625
0.0,0.44,0.0,-0.02871849
0.0,0.48,0.0,-0.02271923
0.0,0.52,0.0,-0.016053926
0.0,0.56,0.0,-0.008694943
0.0,0.6,0.0,-0.0006137006
0.0,0.64,0.0,0.008219164
0.0,0.68,0.0,0.017886195
0.0,0.72,0.0,0.028484087
0.0,0.76,0.0,0.040076602
0.0,0.8,0.0,0.052721936
0.0,0.84,0.0,0.06646587
0.0,0.88,0.0,0.0812791
0.0,0.92,0.0,0.09715131
0.0,0.96,0.0,0.11411151
0.0,1.0,0.0,0.1321732
0.0,0.0,0.04,-0.055795442
0.0,0.04,0.04,-0.055834305
0.0,0.08,0.04,-0.055313926
0.0,0.12,0.04,-0.05424222
0.0,0.16,0.04,-0.052802235
0.0,0.2,0.04,-0.05091632
0.0,0.24,0.04,-0.048516292
0.0,0.28,0.04,-0.045569528
0.0,0.32,0.04,-0.0420445
0.0,0.36,0.04,-0.037912812
0.0,0.4,0.04,-0.033169504
0.0,0.44,0.04,-0.027812537
0.0,0.48,0.04,-0.021817546
0.0,0.52,0.04,-0.01516046
0.0,0.56,0.04,-0.007815991
0.0,0.6,0.04,0.00024400279
0.0,0.64,0.04,0.009049151
0.0,0.68,0.04,0.01867744
0.0,0.72,0.04,0.029236246
0.0,0.76,0.04,0.04078411
0.0,0.8,0.04,0.05335686
0.0,0.84,0.04,0.06699324
0.0,0.88,0.04,0.08169894
0.0,0.92,0.04,0.097461924
0.0,0.96,0.04,0.114308104
0.0,1.0,0.04,0.132258
0.0,0.0,0.08,-0.055209313
0.0,0.04,0.08,-0.0552445
0.0,0.08,0.08,-0.05470322
0.0,0.12,0.08,-0.05361087
0.0,0.16,0.08,-0.05215182
0.0,0.2,0.08,-0.050229684
0.0,0.24,0.08,-0.04779912
0.0,0.28,0.08,-0.044828195
0.0,0.32,0.08,-0.04128577
0.0,0.36,0.08,-0.03714183
0.0,0.4,0.08,-0.032392923
0.0,0.44,0.08,-0.027034607
0.0,0.48,0.08,-0.021042995
0.0,0.52,0.08,-0.01439311
0.0,0.56,0.08,-0.0070594586
0.0,0.6,0.08,0.0009841658
0.0,0.64,0.08,0.009766441
0.0,0.68,0.08,0.019362878
0.0,0.72,0.08,0.029890124
0.0,0.76,0.08,0.041399334
0.0,0.8,0.08,0.053924296
0.0,0.84,0.08,0.06750326
0.0,0.88,0.08,0.08216396
0.0,0.92,0.08,0.097862765
0.0,0.96,0.08,0.1146142
0.0,1.0,0.08,0.13245668
0.0,0.0,0.12,-0.05484536
0.0,0.04,0.12,-0.05483673
0.0,0.08,0.12,-0.054248992
0.0,0.12,0.12,-0.05313724
0.0,0.16,0.12,-0.051650602
0.0,0.2,0.12,-0.049692445
0.0,0.24,0.12,-0.04723048
0.0,0.28,0.12,-0.04423386
0.0,0.32,0.12,-0.04067051
0.0,0.36,0.12,-0.036504123
0.0,0.4,0.12,-0.03174473
0.0,0.44,0.12,-0.026379034
0.0,0.48,0.12,-0.020386402
0.0,0.52,0.12,-0.013741482
0.0,0.56,0.12,-0.006417487
0.0,0.6,0.12,0.001611393
0.0,0.64,0.12,0.010373097
0.0,0.68,0.12,0.019942816
0.0,0.72,0.12,0.030442405
0.0,0.76,0.12,0.041915838
0.0,0.8,0.12,0.05439869
0.0,0.84,0.12,0.067928836
0.0,0.88,0.12,0.08254747
0.0,0.92,0.12,0.098213956
0.0,0.96,0.12,0.11492528
0.0,1.0,0.12,0.13271144
0.0,0.0,0.16,-0.054660883
0.0,0.04,0.16,-0.054582093
0.0,0.08,0.16,-0.053945098
0.0,0.12,0.16,-0.052815102
0.0,0.16,0.16,-0.051291626
0.0,0.2,0.16,-0.049295984
0.0,0.24,0.16,-0.04680224
0.0,0.28,0.16,-0.043780338
0.0,0.32,0.16,-0.04018852
0.0,0.36,0.16,-0.035997596
0.0,0.4,0.16,-0.031224027
0.0,0.44,0.16,-0.025848094
0.0,0.48,0.16,-0.019848924
0.0,0.52,0.16,-0.013203334
0.0,0.56,0.16,-0.0058855377
0.0,0.6,0.16,0.0021313764
0.0,0.64,0.16,0.010874178
0.0,0.68,0.16,0.020422492
0.0,0.72,0.16,0.03089777
0.0,0.76,0.16,0.04233818
0.0,0.8,0.16,0.05478156
0.0,0.84,0.16,0.06826782
0.0,0.88,0.16,0.08283438
0.0,0.92,0.16,0.09847002
0.0,0.96,0.16,0.11514494
0.0,1.0,0.16,0.13288845
0.0,0.0,0.2,-0.05463456
0.0,0.04,0.2,-0.054474242
0.0,0.08,0.2,-0.053787284
0.0,0.12,0.2,-0.052635346
0.0,0.16,0.2,-0.051069338
0.0,0.2,0.2,-0.049035374
0.0,0.24,0.2,-0.046507414
0.0,0.28,0.2,-0.043453794
0.0,0.32,0.2,-0.039824635
0.0,0.36,0.2,-0.035611544
0.0,0.4,0.2,-0.030823354
0.0,0.44,0.2,-0.025437381
0.0,0.48,0.2,-0.01943101
0.0,0.52,0.2,-0.012782577
0.0,0.56,0.2,-0.0054675527
0.0,0.6,0.2,0.00254092
0.0,0.64,0.2,0.011270214
0.0,0.68,0.2,0.020804513
0.0,0.72,0.2,0.03125787
0.0,0.76,0.2,0.042668123
0.0,0.8,0.2,0.05507717
0.0,0.84,0.2,0.06852192
0.0,0.88,0.2,0.083035365
0.0,0.92,0.2,0.098634735
0.0,0.96,0.2,0.11527571
0.0,1.0,0.2,0.13297924
0.0,0.0,0.24,-0.05476594
0.0,0.04,0.24,-0.054515388
0.0,0.08,0.24,-0.053772394
0.0,0.12,0.24,-0.052589115
0.0,0.16,0.24,-0.050977215
0.0,0.2,0.24,-0.048901577
0.0,0.24,0.24,-0.046335716
0.0,0.28,0.24,-0.043240327
0.0,0.32,0.24,-0.0395734
0.0,0.36,0.24,-0.035339437
0.0,0.4,0.24,-0.03053524
0.0,0.44,0.24,-0.025138732
0.0,0.48,0.24,-0.019126106
0.0,0.52,0.24,-0.0124744885
0.0,0.56,0.24,-0.0051617585
0.0,0.6,0.24,0.0028388686
0.0,0.64,0.24,0.011554662
0.0,0.68,0.24,0.02108005
0.0,0.72,0.24,0.03151949
0.0,0.76,0.24,0.042911295
0.0,0.8,0.24,0.055291433
0.0,0.84,0.24,0.068697244
0.0,0.88,0.24,0.083159834
0.0,0.92,0.24,0.0987138
0.0,0.96,0.24,0.11532287
0.0,1.0,0.24,0.13298886
0.0,0.0,0.28,-0.05505311
0.0,0.04,0.28,-0.05470445
0.0,0.08,0.28,-0.053897366
0.0,0.12,0.28,-0.052671116
0.0,0.16,0.28,-0.051009763
0.0,0.2,0.28,-0.048889104
0.0,0.24,0.28,-0.04627778
0.0,0.28,0.28,-0.04313561
0.0,0.32,0.28,-0.03943222
0.0,0.36,0.28,-0.03517602
0.0,0.4,0.28,-0.030354723
0.0,0.44,0.28,-0.024945948
0.0,0.48,0.28,-0.018926557
0.0,0.52,0.28,-0.012272406
0.0,0.56,0.28,-0.00496142
0.0,0.6,0.28,0.003031578
0.0,0.64,0.28,0.0117359795
0.0,0.68,0.28,0.021255773
0.0,0.72,0.28,0.031687204
0.0,0.76,0.28,0.04306333
0.0,0.8,0.28,0.05541918
0.0,0.84,0.28,0.068790376
0.0,0.88,0.28,0.08320901
0.0,0.92,0.28,0.09871215
0.0,0.96,0.28,0.11529301
0.0,1.0,0.28,0.13292393
0.0,0.0,0.32,-0.055486757
0.0,0.04,0.32,-0.055032525
0.0,0.08,0.32,-0.05415357
0.0,0.12,0.32,-0.052876607
0.0,0.16,0.32,-0.051164653
0.0,0.2,0.32,-0.048994515
0.0,0.24,0.32,-0.04633024
0.0,0.28,0.32,-0.043139633
0.0,0.32,0.32,-0.039400883
0.0,0.36,0.32,-0.035120625
0.0,0.4,0.32,-0.030280191
0.0,0.44,0.32,-0.024857659
0.0,0.48,0.32,-0.018830027
0.0,0.52,0.32,-0.012173254
0.0,0.56,0.32,-0.004862394
0.0,0.6,0.32,0.0031245984
0.0,0.64,0.32,0.011823934
0.0,0.68,0.32,0.021344129
0.0,0.72,0.32,0.03176831
0.0,0.76,0.32,0.043130074
0.0,0.8,0.32,0.05546348
0.0,0.84,0.32,0.06880154
0.0,0.88,0.32,0.08317812
0.0,0.92,0.32,0.09863098
0.0,0.96,0.32,0.11518116
0.0,1.0,0.32,0.13278365
0.0,0.0,0.36,-0.056058113
0.0,0.04,0.36,-0.05549673
0.0,0.08,0.36,-0.054533813
0.0,0.12,0.36,-0.053198997
0.0,0.16,0.36,-0.051431317
0.0,0.2,0.36,-0.04920645
0.0,0.24,0.36,-0.04648688
0.0,0.28,0.36,-0.043246496
0.0,0.32,0.36,-0.03947535
0.0,0.36,0.36,-0.035170183
0.0,0.4,0.36,-0.030310195
0.0,0.44,0.36,-0.024873268
0.0,0.48,0.36,-0.018836599
0.0,0.52,0.36,-0.012175817
0.0,0.56,0.36,-0.0048661567
0.0,0.6,0.36,0.0031205304
0.0,0.64,0.36,0.011822429
0.0,0.68,0.36,0.02134541
0.0,0.72,0.36,0.031764705
0.0,0.76,0.36,0.04311331
0.0,0.8,0.36,0.055426035
0.0,0.84,0.36,0.068732485
0.0,0.88,0.36,0.08306889
0.0,0.92,0.36,0.098474145
0.0,0.96,0.36,0.11498362
0.0,1.0,0.36,0.13256028
0.0,0.0,0.4,-0.056758445
0.0,0.04,0.4,-0.056087937
0.0,0.08,0.4,-0.055029184
0.0,0.12,0.4,-0.0536273
0.0,0.16,0.4,-0.051801797
0.0,0.2,0.4,-0.04951753
0.0,0.24,0.4,-0.04674244
0.0,0.28,0.4,-0.043452475
0.0,0.32,0.4,-0.039650235
0.0,0.36,0.4,-0.035320185
0.0,0.4,0.4,-0.030439932
0.0,0.44,0.4,-0.024987813
0.0,0.48,0.4,-0.018941086
0.0,0.52,0.4,-0.012274671
0.0,0.56,0.4,-0.004960697
0.0,0.6,0.4,0.0030271225
0.0,0.64,0.4,0.011735301
0.0,0.68,0.4,0.021263037
0.0,0.72,0.4,0.031679068
0.0,0.76,0.4,0.043016825
0.0,0.8,0.4,0.055309
0.0,0.84,0.4,0.06858602
0.0,0.88,0.4,0.082884476
0.0,0.92,0.4,0.09824376
0.0,0.96,0.4,0.11470218
0.0,1.0,0.4,0.1322533
0.0,0.0,0.44,-0.05757818
0.0,0.04,0.44,-0.05679845
0.0,0.08,0.44,-0.055634886
0.0,0.12,0.44,-0.05415489
0.0,0.16,0.44,-0.05226924
0.0,0.2,0.44,-0.04992384
0.0,0.24,0.44,-0.04709226
0.0,0.28,0.44,-0.04375508
0.0,0.32,0.44,-0.039921284
0.0,0.36,0.44,-0.03556574
0.0,0.4,0.44,-0.030664477
0.0,0.44,0.44,-0.025196385
0.0,0.48,0.44,-0.019136038
0.0,0.52,0.44,-0.012458559
0.0,0.56,0.44,-0.0051387437
0.0,0.6,0.44,0.0028510801
0.0,0.64,0.44,0.011567701
0.0,0.68,0.44,0.021101851
0.0,0.72,0.44,0.031516526
0.0,0.76,0.44,0.042845044
0.0,0.8,0.44,0.055118207
0.0,0.84,0.44,0.06836705
0.0,0.88,0.44,0.08263005
0.0,0.92,0.44,0.09794496
0.0,0.96,0.44,0.11435191
0.0,1.0,0.44,0.1318691
0.0,0.0,0.48,-0.05851284
0.0,0.04,0.48,-0.057622682
0.0,0.08,0.48,-0.056347948
0.0,0.12,0.48,-0.054777984
0.0,0.16,0.48,-0.052828077
0.0,0.2,0.48,-0.050420623
0.0,0.24,0.48,-0.04753282
0.0,0.28,0.48,-0.044150624
0.0,0.32,0.48,-0.040283807
0.0,0.36,0.48,-0.035902303
0.0,0.4,0.48,-0.030978117
0.0,0.44,0.48,-0.025488418
0.0,0.48,0.48,-0.019410763
0.0,0.52,0.48,-0.0127215795
0.0,0.56,0.48,-0.0053951405
0.0,0.6,0.48,0.0025998913
0.0,0.64,0.48,0.011324044
0.0,0.68,0.48,0.020866487
0.0,0.72,0.48,0.031281937
0.0,0.76,0.48,0.04260296
0.0,0.8,0.48,0.054858226
0.0,0.84,0.48,0.068081275
0.0,0.88,0.48,0.08230984
0.0,0.92,0.48,0.097582996
0.0,0.96,0.48,0.113940194
0.0,1.0,0.48,0.1314116
0.0,0.0,0.52,-0.059556495
0.0,0.04,0.52,-0.05855165
0.0,0.08,0.52,-0.057164285
0.0,0.12,0.52,-0.055491116
0.0,0.16,0.52,-0.053473707
0.0,0.2,0.52,-0.051004108
0.0,0.24,0.52,-0.048059497
0.0,0.28,0.52,-0.04463437
0.0,0.32,0.52,-0.040732022
0.0,0.36,0.52,-0.03631967
0.0,0.4,0.52,-0.03136857
0.0,0.44,0.52,-0.025856275
0.0,0.48,0.52,-0.019761074
0.0,0.52,0.52,-0.0130590685
0.0,0.56,0.52,-0.0057255067
0.0,0.6,0.52,0.0022784136
0.0,0.64,0.52,0.011010792
0.0,0.68,0.52,0.020561356
0.0,0.72,0.52,0.03097913
0.0,0.76,0.52,0.042293716
0.0,0.8,0.52,0.054533023
0.0,0.84,0.52,0.067732245
0.0,0.88,0.52,0.08192924
0.0,0.92,0.52,0.09716204
0.0,0.96,0.52,0.11347161
0.0,1.0,0.52,0.1308861
0.0,0.0,0.56,-0.060701955
0.0,0.04,0.56,-0.059577335
0.0,0.08,0.56,-0.05807933
0.0,0.12,0.56,-0.056294713
0.0,0.16,0.56,-0.05420267
0.0,0.2,0.56,-0.05167012
0.0,0.24,0.56,-0.04866662
0.0,0.28,0.56,-0.04519631
0.0,0.32,0.56,-0.041253883
0.0,0.36,0.56,-0.036809076
0.0,0.4,0.56,-0.031831007
0.0,0.44,0.56,-0.026295949
0.0,0.48,0.56,-0.020182546
0.0,0.52,0.56,-0.013467174
0.0,0.56,0.56,-0.006125625
0.0,0.6,0.56,0.0018905886
0.0,0.64,0.56,0.010632772
0.0,0.68,0.56,0.02019148
0.0,0.72,0.56,0.030612785
0.0,0.76,0.56,0.0419218
0.0,0.8,0.56,0.054147203
0.0,0.84,0.56,0.067324966
0.0,0.88,0.56,0.08149202
0.0,0.92,0.56,0.09668717
0.0,0.96,0.56,0.112950265
0.0,1.0,0.56,0.13030683
0.0,0.0,0.6,-0.06194425
0.0,0.04,0.6,-0.060696196
0.0,0.08,0.6,-0.059087362
0.0,0.12,0.6,-0.057187412
0.0,0.16,0.6,-0.0550053
0.0,0.2,0.6,-0.052405864
0.0,0.24,0.6,-0.0493433
0.0,0.28,0.6,-0.045827687
0.0,0.32,0.6,-0.041844662
0.0,0.36,0.6,-0.03736677
0.0,0.4,0.6,-0.03236072
0.0,0.44,0.6,-0.02680305
0.0,0.48,0.6,-0.020670798
0.0,0.52,0.6,-0.013941873
0.0,0.56,0.6,-0.0065897144
0.0,0.6,0.6,0.0014408343
0.0,0.64,0.6,0.010194588
0.0,0.68,0.6,0.019762848
0.0,0.72,0.6,0.03018688
0.0,0.76,0.6,0.04149093
0.0,0.8,0.6,0.053704444
0.0,0.84,0.6,0.0668627
0.0,0.88,0.6,0.08100262
0.0,0.92,0.6,0.09616229
0.0,0.96,0.6,0.11238153
0.0,1.0,0.6,0.12967981
0.0,0.0,0.64,-0.06327441
0.0,0.04,0.64,-0.06189699
0.0,0.08,0.64,-0.060171355
0.0,0.12,0.64,-0.058155123
0.0,0.16,0.64,-0.05586945
0.0,0.2,0.64,-0.05320264
0.0,0.24,0.64,-0.050083846
0.0,0.28,0.64,-0.046521913
0.0,0.32,0.64,-0.042497557
0.0,0.36,0.64,-0.03798471
0.0,0.4,0.64,-0.032949932
0.0,0.44,0.64,-0.027368415
0.0,0.48,0.64,-0.021216717
0.0,0.52,0.64,-0.014472391
0.0,0.56,0.64,-0.007105004
0.0,0.6,0.64,0.0009413101
0.0,0.64,0.64,0.009709928
0.0,0.68,0.64,0.019289676
0.0,0.72,0.64,0.029716957
0.0,0.76,0.64,0.041018073
0.0,0.8,0.64,0.053222764
0.0,0.84,0.64,0.06636478
0.0,0.88,0.64,0.080480635
0.0,0.92,0.64,0.0956085
0.0,0.96,0.64,0.11178744
0.0,1.0,0.64,0.12902969
0.0,0.0,0.68,-0.064661324
0.0,0.04,0.68,-0.06315158
0.0,0.08,0.68,-0.06130561
0.0,0.12,0.68,-0.05917346
0.0,0.16,0.68,-0.056773543
0.0,0.2,0.68,-0.054036383
0.0,0.24,0.68,-0.050863516
0.0,0.28,0.68,-0.047253773
0.0,0.32,0.68,-0.04318694
0.0,0.36,0.68,-0.038637597
0.0,0.4,0.68,-0.03357232
0.0,0.44,0.68,-0.027965914
0.0,0.48,0.68,-0.021793965
0.0,0.52,0.68,-0.015033316
0.0,0.56,0.68,-0.0076461174
0.0,0.6,0.68,0.00041753426
0.0,0.64,0.68,0.009203333
0.0,0.68,0.68,0.018797059
0.0,0.72,0.68,0.029228378
0.0,0.76,0.68,0.040526394
0.0,0.8,0.68,0.052723978
0.0,0.84,0.68,0.065852016
0.0,0.88,0.68,0.07994634
0.0,0.92,0.68,0.09504491
0.0,0.96,0.68,0.111184925
0.0,1.0,0.68,0.12837367
0.0,0.0,0.72,-0.06608912
0.0,0.04,0.72,-0.06444709
0.0,0.08,0.72,-0.062478956
0.0,0.12,0.72,-0.060231928
0.0,0.16,0.72,-0.057716813
0.0,0.2,0.72,-0.054899216
0.0,0.24,0.72,-0.05167338
0.0,0.28,0.72,-0.048015427
0.0,0.32,0.72,-0.043905336
0.0,0.36,0.72,-0.03931868
0.0,0.4,0.72,-0.034222215
0.0,0.44,0.72,-0.0285898
0.0,0.48,0.72,-0.022396993
0.0,0.52,0.72,-0.015618924
0.0,0.56,0.72,-0.008208472
0.0,0.6,0.72,-0.00012609735
0.0,0.64,0.72,0.008679349
0.0,0.68,0.72,0.018287722
0.0,0.72,0.72,0.028724719
0.0,0.76,0.72,0.04002135
0.0,0.8,0.72,0.052211765
0.0,0.84,0.72,0.06532772
0.0,0.88,0.72,0.079402834
0.0,0.92,0.72,0.09447466
0.0,0.96,0.72,0.110576764
0.0,1.0,0.72,0.12771419
0.0,0.0,0.76,-0.06755446
0.0,0.04,0.76,-0.065778285
0.0,0.08,0.76,-0.06368829
0.0,0.12,0.76,-0.061327253
0.0,0.16,0.76,-0.058698308
0.0,0.2,0.76,-0.055789664
0.0,0.24,0.76,-0.052510735
0.0,0.28,0.76,-0.04880434
0.0,0.32,0.76,-0.04465009
0.0,0.36,0.76,-0.040024783
0.0,0.4,0.76,-0.034896243
0.0,0.44,0.76,-0.029236715
0.0,0.48,0.76,-0.023022052
0.0,0.52,0.76,-0.016223911
0.0,0.56,0.76,-0.0087887235
0.0,0.6,0.76,-0.0006867461
0.0,0.64,0.76,0.008141179
0.0,0.68,0.76,0.017764766
0.0,0.72,0.76,0.028209183
0.0,0.76,0.76,0.03950641
0.0,0.8,0.76,0.0516903
0.0,0.84,0.76,0.064795196
0.0,0.88,0.76,0.0788534
0.0,0.92,0.76,0.09390071
0.0,0.96,0.76,0.10996565
0.0,1.0,0.76,0.12705435
0.0,0.0,0.8,-0.06905547
0.0,0.04,0.8,-0.06714314
0.0,0.08,0.8,-0.06493069
0.0,0.12,0.8,-0.062456768
0.0,0.16,0.8,-0.059714396
0.0,0.2,0.8,-0.056707826
0.0,0.24,0.8,-0.053372454
0.0,0.28,0.8,-0.049616836
0.0,0.32,0.8,-0.04541797
0.0,0.36,0.8,-0.04075289
0.0,0.4,0.8,-0.03559162
0.0,0.44,0.8,-0.029903915
0.0,0.48,0.8,-0.023666147
0.0,0.52,0.8,-0.01684403
0.0,0.56,0.8,-0.009383757
0.0,0.6,0.8,-0.0012608059
0.0,0.64,0.8,0.007591907
0.0,0.68,0.8,0.017231483
0.0,0.72,0.8,0.02768499
0.0,0.76,0.8,0.038984586
0.0,0.8,0.8,0.05116402
0.0,0.84,0.8,0.064257964
0.0,0.88,0.8,0.0783011
0.0,0.92,0.8,0.09332611
0.0,0.96,0.8,0.10935426
0.0,1.0,0.8,0.12639613
0.0,0.0,0.84,-0.07058792
0.0,0.04,0.84,-0.06854154
0.0,0.08,0.84,-0.06620413
0.0,0.12,0.84,-0.063617304
0.0,0.16,0.84,-0.06076275
0.0,0.2,0.84,-0.057655122
0.0,0.24,0.84,-0.05425577
0.0,0.28,0.84,-0.0504505
0.0,0.32,0.84,-0.046206523
0.0,0.36,0.84,-0.041500878
0.0,0.4,0.84,-0.036305085
0.0,0.44,0.84,-0.030588437
0.0,0.48,0.84,-0.024326745
0.0,0.52,0.84,-0.017476235
0.0,0.56,0.84,-0.009990644
0.0,0.6,0.84,-0.0018446408
0.0,0.64,0.84,0.0070340075
0.0,0.68,0.84,0.01669081
0.0,0.72,0.84,0.027154926
0.0,0.76,0.84,0.038458977
0.0,0.8,0.84,0.050635863
0.0,0.84,0.84,0.06372027
0.0,0.88,0.84,0.077748254
0.0,0.92,0.84,0.09275332
0.0,0.96,0.84,0.108744994
0.0,1.0,0.84,0.12574233
0.0,0.0,0.88,-0.07214826
0.0,0.04,0.88,-0.0699701
0.0,0.08,0.88,-0.067509025
0.0,0.12,0.88,-0.064806685
0.0,0.16,0.88,-0.061841566
0.0,0.2,0.88,-0.05863266
0.0,0.24,0.88,-0.05515803
0.0,0.28,0.88,-0.05130255
0.0,0.32,0.88,-0.047012385
0.0,0.36,0.88,-0.042265315
0.0,0.4,0.88,-0.037034508
0.0,0.44,0.88,-0.031287577
0.0,0.48,0.88,-0.024999175
0.0,0.52,0.88,-0.018117253
0.0,0.56,0.88,-0.010605883
0.0,0.6,0.88,-0.002434548
0.0,0.64,0.88,0.0064700283
0.0,0.68,0.88,0.016145263
0.0,0.72,0.88,0.02662203
0.0,0.76,0.88,0.037932087
0.0,0.8,0.88,0.050108586
0.0,0.84,0.88,0.06318563
0.0,0.88,0.88,0.07719922
0.0,0.92,0.88,0.09218332
0.0,0.96,0.88,0.108140424
0.0,1.0,0.88,0.12509531
0.0,0.0,0.92,-0.073733866
0.0,0.04,0.92,-0.07142706
0.0,0.08,0.92,-0.06884329
0.0,0.12,0.92,-0.06602457
0.0,0.16,0.92,-0.062950104
0.0,0.2,0.92,-0.059640136
0.0,0.24,0.92,-0.05608006
0.0,0.28,0.92,-0.052170012
0.0,0.32,0.92,-0.047833163
0.0,0.36,0.92,-0.04304413
0.0,0.4,0.92,-0.03777676
0.0,0.44,0.92,-0.031998724
0.0,0.48,0.92,-0.02567951
0.0,0.52,0.92,-0.018764835
0.0,0.56,0.92,-0.0112260245
0.0,0.6,0.92,-0.0030281134
0.0,0.64,0.92,0.005902577
0.0,0.68,0.92,0.015598092
0.0,0.72,0.92,0.026088927
0.0,0.76,0.92,0.03740679
0.0,0.8,0.92,0.0495846
0.0,0.84,0.92,0.06265651
0.0,0.88,0.92,0.07665786
0.0,0.92,0.92,0.09161861
0.0,0.96,0.92,0.107542664
0.0,1.0,0.92,0.124457285
0.0,0.0,0.96,-0.075341895
0.0,0.04,0.96,-0.072909534
0.0,0.08,0.96,-0.0702046
0.0,0.12,0.96,-0.067269415
0.0,0.16,0.96,-0.06408736
0.0,0.2,0.96,-0.060674373
0.0,0.24,0.96,-0.057023164
0.0,0.28,0.96,-0.053050745
0.0,0.32,0.96,-0.048666663
0.0,0.36,0.96,-0.043834854
0.0,0.4,0.96,-0.03852955
0.0,0.44,0.96,-0.032719754
0.0,0.48,0.96,-0.026364934
0.0,0.52,0.96,-0.019416507
0.0,0.56,0.96,-0.011848975
0.0,0.6,0.96,-0.003622491
0.0,0.64,0.96,0.0053346045
0.0,0.68,0.96,0.015051622
0.0,0.72,0.96,0.025558162
0.0,0.76,0.96,0.036885742
0.0,0.8,0.96,0.04906671
0.0,0.84,0.96,0.062135298
0.0,0.88,0.96,0.076126575
0.0,0.92,0.96,0.091062814
0.0,0.96,0.96,0.106953844
0.0,1.0,0.96,0.12383017
0.0,0.0,1.0,-0.07697035
0.0,0.04,1.0,-0.07441564
0.0,0.08,1.0,-0.0715902
0.0,0.12,1.0,-0.06853899
0.0,0.16,1.0,-0.06525268
0.0,0.2,1.0,-0.061735753
0.0,0.24,1.0,-0.05798467
0.0,0.28,1.0,-0.053941965
0.0,0.32,1.0,-0.049509916
0.0,0.36,1.0,-0.044634473
0.0,0.4,1.0,-0.039290518
0.0,0.44,1.0,-0.03344736
0.0,0.48,1.0,-0.027053032
0.0,0.52,1.0,-0.020069394
0.0,0.56,1.0,-0.0124720745
0.0,0.6,1.0,-0.0042148493
0.0,0.64,1.0,0.0047686435
0.0,0.68,1.0,0.014508907
0.0,0.72,1.0,0.025032643
0.0,0.76,1.0,0.03637128
0.0,0.8,1.0,0.04855748
0.0,0.84,1.0,0.06162459
0.0,0.88,1.0,0.07560781
0.0,0.92,1.0,0.09051888
0.0,0.96,1.0,0.10637693
0.0,1.0,1.0,0.123216
0.25,0.0,0.0,-0.004940957
0.25,0.04,0.0,-0.0026414264
0.25,0.08,0.0,0.00021121278
0.25,0.12,0.0,0.0035374146
0.25,0.16,0.0,0.007263122
0.25,0.2,0.0,0.011413366
0.25,0.24,0.0,0.016019583
0.25,0.28,0.0,0.021110721
0.25,0.32,0.0,0.026721366
0.25,0.36,0.0,0.03288993
0.25,0.4,0.0,0.03965744
0.25,0.44,0.0,0.047066595
0.25,0.48,0.0,0.055146303
0.25,0.52,0.0,0.063925475
0.25,0.56,0.0,0.073416024
0.25,0.6,0.0,0.083648056
0.25,0.64,0.0,0.094663665
0.25,0.68,0.0,0.10652663
0.25,0.72,0.0,0.1192739
0.25,0.76,0.0,0.13297388
0.25,0.8,0.0,0.14772436
0.25,0.84,0.0,0.16356643
0.25,0.88,0.0,0.18053523
0.25,0.92,0.0,0.19861159
0.25,0.96,0.0,0.21782762
0.25,1.0,0.0,0.238122
0.25,0.0,0.04,-0.004594816
0.25,0.04,0.04,-0.0022799587
0.25,0.08,0.04,0.00061916467
0.25,0.12,0.04,0.003968844
0.25,0.16,0.04,0.007712111
0.25,0.2,0.04,0.011875838
0.25,0.24,0.04,0.016491368
0.25,0.28,0.04,0.021588132
0.25,0.32,0.04,0.027201131
0.25,0.36,0.04,0.033368062
0.25,0.4,0.04,0.040130448
0.25,0.44,0.04,0.047531713
0.25,0.48,0.04,0.05560122
0.25,0.52,0.04,0.064371735
0.25,0.56,0.04,0.07386486
0.25,0.6,0.04,0.0840947
0.25,0.64,0.04,0.09511058
0.25,0.68,0.04,0.1069693
0.25,0.72,0.04,0.11970621
0.25,0.76,0.04,0.1333851
0.25,0.8,0.04,0.14810869
0.25,0.84,0.04,0.16391835
0.25,0.88,0.04,0.18083897
0.25,0.92,0.04,0.19885066
0.25,0.96,0.04,0.21799141
0.25,1.0,0.04,0.23825164
0.25,0.0,0.08,-0.0043943496
0.25,0.04,0.08,-0.002022259
0.25,0.08,0.08,0.0009238161
0.25,0.12,0.08,0.004298931
0.25,0.16,0.08,0.008061981
0.25,0.2,0.08,0.012240697
0.25,0.24,0.08,0.016867206
0.25,0.28,0.08,0.021971364
0.25,0.32,0.08,0.027588047
0.25,0.36,0.08,0.033755925
0.25,0.4,0.08,0.04051521
0.25,0.44,0.08,0.047910195
0.25,0.48,0.08,0.05597492
0.25,0.52,0.08,0.06473555
0.25,0.56,0.08,0.07422292
0.25,0.6,0.08,0.08445224
0.25,0.64,0.08,0.09546976
0.25,0.68,0.08,0.10732576
0.25,0.72,0.08,0.12005365
0.25,0.76,0.08,0.13371252
0.25,0.8,0.08,0.14840943
0.25,0.84,0.08,0.16419326
0.25,0.88,0.08,0.18106614
0.25,0.92,0.08,0.19901793
0.25,0.96,0.08,0.21808925
0.25,1.0,0.08,0.2383021
0.25,0.0,0.12,-0.004316468
0.25,0.04,0.12,-0.0018652226
0.25,0.08,0.12,0.0011283001
0.25,0.12,0.12,0.004531445
0.25,0.16,0.12,0.008316826
0.25,0.2,0.12,0.0125118345
0.25,0.24,0.12,0.017150644
0.25,0.28,0.12,0.022264
0.25,0.32,0.12,0.027886692
0.25,0.36,0.12,0.034057435
0.25,0.4,0.12,0.040817063
0.25,0.44,0.12,0.04821345
0.25,0.48,0.12,0.0562745
0.25,0.52,0.12,0.06502761
0.25,0.56,0.12,0.07450172
0.25,0.6,0.12,0.08472884
0.25,0.64,0.12,0.09574862
0.25,0.68,0.12,0.10760152
0.25,0.72,0.12,0.120321006
0.25,0.76,0.12,0.13396251
0.25,0.8,0.12,0.14863756
0.25,0.84,0.12,0.16439568
0.25,0.88,0.12,0.18122031
0.25,0.92,0.12,0.19911452
0.25,0.96,0.12,0.21811883
0.25,1.0,0.12,0.2382727
0.25,0.0,0.16,-0.004360237
0.25,0.04,0.16,-0.0018148781
0.25,0.08,0.16,0.0012282254
0.25,0.12,0.16,0.004662972
0.25,0.16,0.16,0.008474272
0.25,0.2,0.16,0.012690343
0.25,0.24,0.16,0.017345935
0.25,0.28,0.16,0.022472408
0.25,0.32,0.16,0.028104845
0.25,0.36,0.16,0.034281928
0.25,0.4,0.16,0.041047517
0.25,0.44,0.16,0.048447613
0.25,0.48,0.16,0.056505654
0.25,0.52,0.16,0.0652519
0.25,0.56,0.16,0.074714035
0.25,0.6,0.16,0.0849293
0.25,0.64,0.16,0.09595244
0.25,0.68,0.16,0.10780254
0.25,0.72,0.16,0.1205143
0.25,0.76,0.16,0.13414434
0.25,0.8,0.16,0.14880103
0.25,0.84,0.16,0.16452926
0.25,0.88,0.16,0.18130676
0.25,0.92,0.16,0.19914553
0.25,0.96,0.16,0.21808547
0.25,1.0,0.16,0.23816894
0.25,0.0,0.2,-0.0045205625
0.25,0.04,0.2,-0.001874194
0.25,0.08,0.2,0.0012260275
0.25,0.12,0.2,0.0046949703
0.25,0.16,0.2,0.00853616
0.25,0.2,0.2,0.01277807
0.25,0.24,0.2,0.01745433
0.25,0.28,0.2,0.022598058
0.25,0.32,0.2,0.02824467
0.25,0.36,0.2,0.034432355
0.25,0.4,0.2,0.041210797
0.25,0.44,0.2,0.04861619
0.25,0.48,0.2,0.05667251
0.25,0.52,0.2,0.06541188
0.25,0.56,0.2,0.07486296
0.25,0.6,0.2,0.085065946
0.25,0.64,0.2,0.09608567
0.25,0.68,0.2,0.107934624
0.25,0.72,0.2,0.120643795
0.25,0.76,0.2,0.1342651
0.25,0.8,0.2,0.14890467
0.25,0.84,0.2,0.16460057
0.25,0.88,0.2,0.18132976
0.25,0.92,0.2,0.19911551
0.25,0.96,0.2,0.21799369
0.25,1.0,0.2,0.23800552
0.25,0.0,0.24,-0.0047895554
0.25,0.04,0.24,-0.002035669
0.25,0.08,0.24,0.0011336338
0.25,0.12,0.24,0.0046386495
0.25,0.16,0.24,0.008511659
0.25,0.2,0.24,0.012780804
0.25,0.24,0.24,0.017479047
0.25,0.28,0.24,0.022641685
0.25,0.32,0.24,0.028304007
0.25,0.36,0.24,0.034507353
0.25,0.4,0.24,0.041301724
0.25,0.44,0.24,0.0487155
0.25,0.48,0.24,0.05677389
0.25,0.52,0.24,0.06550884
0.25,0.56,0.24,0.07495135
0.25,0.6,0.24,0.08514595
0.25,0.64,0.24,0.09615435
0.25,0.68,0.24,0.10800707
0.25,0.72,0.24,0.120716676
0.25,0.76,0.24,0.13433038
0.25,0.8,0.24,0.14895305
0.25,0.84,0.24,0.1646152
0.25,0.88,0.24,0.18129598
0.25,0.92,0.24,0.19902927
0.25,0.96,0.24,0.21784742
0.25,1.0,0.24,0.23779045
0.25,0.0,0.28,-0.0051526874
0.25,0.04,0.28,-0.0022902647
0.25,0.08,0.28,0.0009568129
0.25,0.12,0.28,0.004498571
0.25,0.16,0.28,0.008404739
0.25,0.2,0.28,0.01270254
0.25,0.24,0.28,0.01742426
0.25,0.28,0.28,0.022607282
0.25,0.32,0.28,0.028287206
0.25,0.36,0.28,0.034510966
0.25,0.4,0.28,0.041322317
0.25,0.44,0.28,0.048745703
0.25,0.48,0.28,0.056807976
0.25,0.52,0.28,0.06554045
0.25,0.56,0.28,0.07497552
0.25,0.6,0.28,0.0851672
0.25,0.64,0.28,0.09617151
0.25,0.68,0.28,0.10802418
0.25,0.72,0.28,0.12073645
0.25,0.76,0.28,0.13434425
0.25,0.8,0.28,0.14895223
0.25,0.84,0.28,0.16457784
0.25,0.88,0.28,0.1812118
0.25,0.92,0.28,0.19889115
0.25,0.96,0.28,0.21765174
0.25,1.0,0.28,0.23752823
0.25,0.0,0.32,-0.005604676
0.25,0.04,0.32,-0.0026333183
0.25,0.08,0.32,0.0006970484
0.25,0.12,0.32,0.004278606
0.25,0.16,0.32,0.008218896
0.25,0.2,0.32,0.012546789
0.25,0.24,0.32,0.017293617
0.25,0.28,0.32,0.02249851
0.25,0.32,0.32,0.028200235
0.25,0.36,0.32,0.034446936
0.25,0.4,0.32,0.041276064
0.25,0.44,0.32,0.048710633
0.25,0.48,0.32,0.056778166
0.25,0.52,0.32,0.06550966
0.25,0.56,0.32,0.07494064
0.25,0.6,0.32,0.08513659
0.25,0.64,0.32,0.09613997
0.25,0.68,0.32,0.10798623
0.25,0.72,0.32,0.12070125
0.25,0.76,0.32,0.13430595
0.25,0.8,0.32,0.1489018
0.25,0.84,0.32,0.16449186
0.25,0.88,0.32,0.18108119
0.25,0.92,0.32,0.19870777
0.25,0.96,0.32,0.21741031
0.25,1.0,0.32,0.23722224
0.25,0.0,0.36,-0.0061409464
0.25,0.04,0.36,-0.0030616438
0.25,0.08,0.36,0.0003495086
0.25,0.12,0.36,0.0039822552
0.25,0.16,0.36,0.007957999
0.25,0.2,0.36,0.012317244
0.25,0.24,0.36,0.017090973
0.25,0.28,0.36,0.02231944
0.25,0.32,0.36,0.028047714
0.25,0.36,0.36,0.034318347
0.25,0.4,0.36,0.041166384
0.25,0.44,0.36,0.048613686
0.25,0.48,0.36,0.056687873
0.25,0.52,0.36,0.06542322
0.25,0.56,0.36,0.07485898
0.25,0.6,0.36,0.08505966
0.25,0.64,0.36,0.096063375
0.25,0.68,0.36,0.10790387
0.25,0.72,0.36,0.12061477
0.25,0.76,0.36,0.13421759
0.25,0.8,0.36,0.1488006
0.25,0.84,0.36,0.16435732
0.25,0.88,0.36,0.18090494
0.25,0.92,0.36,0.19848119
0.25,0.96,0.36,0.21712567
0.25,1.0,0.36,0.23687606
0.25,0.0,0.4,-0.006757767
0.25,0.04,0.4,-0.003573332
0.25,0.08,0.4,-8.226745e-05
0.25,0.12,0.4,0.003613323
0.25,0.16,0.4,0.007625431
0.25,0.2,0.4,0.01201747
0.25,0.24,0.4,0.016820095
0.25,0.28,0.4,0.022075653
0.25,0.32,0.4,0.027832273
0.25,0.36,0.4,0.03412878
0.25,0.4,0.4,0.040997025
0.25,0.44,0.4,0.048458632
0.25,0.48,0.4,0.05654638
0.25,0.52,0.4,0.06529078
0.25,0.56,0.4,0.07473458
0.25,0.6,0.4,0.08494055
0.25,0.64,0.4,0.09594531
0.25,0.68,0.4,0.10778138
0.25,0.72,0.4,0.12048294
0.25,0.76,0.4,0.134084
0.25,0.8,0.4,0.14865267
0.25,0.84,0.4,0.16417818
0.25,0.88,0.4,0.18068661
0.25,0.92,0.4,0.19821529
0.25,0.96,0.4,0.2168032
0.25,1.0,0.4,0.23649086
0.25,0.0,0.44,-0.007451048
0.25,0.04,0.44,-0.0041646305
0.25,0.08,0.44,-0.0005946085
0.25,0.12,0.44,0.0031730589
0.25,0.16,0.44,0.0072246194
0.25,0.2,0.44,0.0116508305
0.25,0.24,0.44,0.016484018
0.25,0.28,0.44,0.021770801
0.25,0.32,0.44,0.02755754
0.25,0.36,0.44,0.033881936
0.25,0.4,0.44,0.040774014
0.25,0.44,0.44,0.048257176
0.25,0.48,0.44,0.056360994
0.25,0.52,0.44,0.0651156
0.25,0.56,0.44,0.07457118
0.25,0.6,0.44,0.084783435
0.25,0.64,0.44,0.095789075
0.25,0.68,0.44,0.107622236
0.25,0.72,0.44,0.120314896
0.25,0.76,0.44,0.13391002
0.25,0.8,0.44,0.14846282
0.25,0.84,0.44,0.16395915
0.25,0.88,0.44,0.18043052
0.25,0.92,0.44,0.19791357
0.25,0.96,0.44,0.21644802
0.25,1.0,0.44,0.23607352
0.25,0.0,0.48,-0.008218182
0.25,0.04,0.48,-0.0048318543
0.25,0.08,0.48,-0.0011842959
0.25,0.12,0.48,0.00266153
0.25,0.16,0.48,0.006758943
0.25,0.2,0.48,0.011220843
0.25,0.24,0.48,0.016087204
0.25,0.28,0.48,0.021408718
0.25,0.32,0.48,0.027229842
0.25,0.36,0.48,0.03358807
0.25,0.4,0.48,0.04050808
0.25,0.44,0.48,0.048013847
0.25,0.48,0.48,0.056134757
0.25,0.52,0.48,0.06490135
0.25,0.56,0.48,0.07437144
0.25,0.6,0.48,0.08459215
0.25,0.64,0.48,0.095599145
0.25,0.68,0.48,0.1074301
0.25,0.72,0.48,0.12011531
0.25,0.76,0.48,0.13369991
0.25,0.8,0.48,0.14823577
0.25,0.84,0.48,0.16370416
0.25,0.88,0.48,0.1801405
0.25,0.92,0.48,0.19758096
0.25,0.96,0.48,0.21606389
0.25,1.0,0.48,0.23562957
0.25,0.0,0.52,-0.009057204
0.25,0.04,0.52,-0.0055731013
0.25,0.08,0.52,-0.0018475559
0.25,0.12,0.52,0.0020768642
0.25,0.16,0.52,0.0062315837
0.25,0.2,0.52,0.0107317455
0.25,0.24,0.52,0.01563862
0.25,0.28,0.52,0.02100062
0.25,0.32,0.52,0.02686027
0.25,0.36,0.52,0.03325365
0.25,0.4,0.52,0.040202033
0.25,0.44,0.52,0.047731686
0.25,0.48,0.52,0.055870693
0.25,0.52,0.52,0.064652696
0.25,0.56,0.52,0.074138746
0.25,0.6,0.52,0.08436945
0.25,0.64,0.52,0.095379576
0.25,0.68,0.52,0.107207775
0.25,0.72,0.52,0.11988711
0.25,0.76,0.52,0.1334602
0.25,0.8,0.52,0.14797549
0.25,0.84,0.52,0.16341822
0.25,0.88,0.52,0.1798209
0.25,0.92,0.52,0.19722068
0.25,0.96,0.52,0.2156547
0.25,1.0,0.52,0.23516327
0.25,0.0,0.56,-0.009965123
0.25,0.04,0.56,-0.0063866675
0.25,0.08,0.56,-0.0025814455
0.25,0.12,0.56,0.0014254414
0.25,0.16,0.56,0.0056509487
0.25,0.2,0.56,0.010196824
0.25,0.24,0.56,0.015149109
0.25,0.28,0.56,0.020553429
0.25,0.32,0.56,0.0264525
0.25,0.36,0.56,0.032881428
0.25,0.4,0.56,0.03985968
0.25,0.44,0.56,0.047413666
0.25,0.48,0.56,0.05557202
0.25,0.52,0.56,0.06437276
0.25,0.56,0.56,0.07387653
0.25,0.6,0.56,0.084118664
0.25,0.64,0.56,0.09513341
0.25,0.68,0.56,0.106959656
0.25,0.72,0.56,0.11963363
0.25,0.76,0.56,0.13319488
0.25,0.8,0.56,0.14768614
0.25,0.84,0.56,0.16310485
0.25,0.88,0.56,0.17947613
0.25,0.92,0.56,0.19683664
0.25,0.96,0.56,0.21522431
0.25,1.0,0.56,0.23467799
0.25,0.0,0.6,-0.010934852
0.25,0.04,0.6,-0.0072610993
0.25,0.08,0.6,-0.0033726394
0.25,0.12,0.6,0.0007182248
0.25,0.16,0.6,0.0050223023
0.25,0.2,0.6,0.009621877
0.25,0.24,0.6,0.014621537
0.25,0.28,0.6,0.020069566
0.25,0.32,0.6,0.026009511
0.25,0.36,0.6,0.03247432
0.25,0.4,0.6,0.039482918
0.25,0.44,0.6,0.04706249
0.25,0.48,0.6,0.055241328
0.25,0.52,0.6,0.064064264
0.25,0.56,0.6,0.07358682
0.25,0.6,0.6,0.08384214
0.25,0.64,0.6,0.09486349
0.25,0.68,0.6,0.106689334
0.25,0.72,0.6,0.11935739
0.25,0.76,0.6,0.13290633
0.25,0.8,0.6,0.14737117
0.25,0.84,0.6,0.16276781
0.25,0.88,0.6,0.17910957
0.25,0.92,0.6,0.19643271
0.25,0.96,0.6,0.21477519
0.25,1.0,0.6,0.23417622
0.25,0.0,0.64,-0.011952274
0.25,0.04,0.64,-0.008186884
0.25,0.08,0.64,-0.004215503
0.25,0.12,0.64,-4.095584e-05
0.25,0.16,0.64,0.004347399
0.25,0.2,0.64,0.009008311
0.25,0.24,0.64,0.014056638
0.25,0.28,0.64,0.01954994
0.25,0.32,0.64,0.025531862
0.25,0.36,0.64,0.032032806
0.25,0.4,0.64,0.039072927
0.25,0.44,0.64,0.04667897
0.25,0.48,0.64,0.054879468
0.25,0.52,0.64,0.063727915
0.25,0.56,0.64,0.07327081
0.25,0.6,0.64,0.083540455
0.25,0.64,0.64,0.09456985
0.25,0.68,0.64,0.10639696
0.25,0.72,0.64,0.11905962
0.25,0.76,0.64,0.13259368
0.25,0.8,0.64,0.14703323
0.25,0.84,0.64,0.16240673
0.25,0.88,0.64,0.17872077
0.25,0.92,0.64,0.19600861
0.25,0.96,0.64,0.21430795
0.25,1.0,0.64,0.23365778
0.25,0.0,0.68,-0.013014279
0.25,0.04,0.68,-0.009160738
0.25,0.08,0.68,-0.0051072724
0.25,0.12,0.68,-0.0008492246
0.25,0.16,0.68,0.0036241487
0.25,0.2,0.68,0.008356031
0.25,0.24,0.68,0.013456833
0.25,0.28,0.68,0.01899637
0.25,0.32,0.68,0.025020998
0.25,0.36,0.68,0.03155874
0.25,0.4,0.68,0.038630877
0.25,0.44,0.68,0.04626436
0.25,0.48,0.68,0.054489475
0.25,0.52,0.68,0.06336498
0.25,0.56,0.68,0.07292943
0.25,0.6,0.68,0.08321454
0.25,0.64,0.68,0.094253674
0.25,0.68,0.68,0.106083944
0.25,0.72,0.68,0.11874311
0.25,0.76,0.68,0.13225949
0.25,0.8,0.68,0.14667593
0.25,0.84,0.68,0.16202419
0.25,0.88,0.68,0.17831273
0.25,0.92,0.68,0.1955673
0.25,0.96,0.68,0.21382554
0.25,1.0,0.68,0.2331262
0.25,0.0,0.72,-0.014117669
0.25,0.04,0.72,-0.010180147
0.25,0.08,0.72,-0.0060449727
0.25,0.12,0.72,-0.001703579
0.25,0.16,0.72,0.0028554238
0.25,0.2,0.72,0.0076650903
0.25,0.24,0.72,0.012824822
0.25,0.28,0.72,0.018411804
0.25,0.32,0.72,0.024479378
0.25,0.36,0.72,0.031054307
0.25,0.4,0.72,0.038159337
0.25,0.44,0.72,0.045821007
0.25,0.48,0.72,0.05407429
0.25,0.52,0.72,0.06297791
0.25,0.56,0.72,0.07256524
0.25,0.6,0.72,0.08286765
0.25,0.64,0.72,0.093917996
0.25,0.68,0.72,0.10575296
0.25,0.72,0.72,0.11841008
0.25,0.76,0.72,0.13190797
0.25,0.8,0.72,0.14630193
0.25,0.84,0.72,0.16162409
0.25,0.88,0.72,0.17788862
0.25,0.92,0.72,0.19511203
0.25,0.96,0.72,0.21333137
0.25,1.0,0.72,0.23258507
0.25,0.0,0.76,-0.015261138
0.25,0.04,0.76,-0.011242453
0.25,0.08,0.76,-0.007025495
0.25,0.12,0.76,-0.0026011616
0.25,0.16,0.76,0.0020443425
0.25,0.2,0.76,0.0069381297
0.25,0.24,0.76,0.012163285
0.25,0.28,0.76,0.017798673
0.25,0.32,0.76,0.023909751
0.25,0.36,0.76,0.030522373
0.25,0.4,0.76,0.037661027
0.25,0.44,0.76,0.045351926
0.25,0.48,0.76,0.05363683
0.25,0.52,0.76,0.06256966
0.25,0.56,0.76,0.072181016
0.25,0.6,0.76,0.08250211
0.25,0.64,0.76,0.093565255
0.25,0.68,0.76,0.10540624
0.25,0.72,0.76,0.1180616
0.25,0.76,0.76,0.13154283
0.25,0.8,0.76,0.14591394
0.25,0.84,0.76,0.16121042
0.25,0.88,0.76,0.17745167
0.25,0.92,0.76,0.19464585
0.25,0.96,0.76,0.21282838
0.25,1.0,0.76,0.23203753
0.25,0.0,0.8,-0.01644426
0.25,0.04,0.8,-0.012345113
0.25,0.08,0.8,-0.008047089
0.25,0.12,0.8,-0.0035394877
0.25,0.16,0.8,0.0011939853
0.25,0.2,0.8,0.0061774515
0.25,0.24,0.8,0.011470478
0.25,0.28,0.8,0.017159734
0.25,0.32,0.8,0.023314316
0.25,0.36,0.8,0.029965606
0.25,0.4,0.8,0.037138518
0.25,0.44,0.8,0.044859547
0.25,0.48,0.8,0.05317929
0.25,0.52,0.8,0.062142637
0.25,0.56,0.8,0.071779475
0.25,0.6,0.8,0.08212018
0.25,0.64,0.8,0.09319775
0.25,0.68,0.8,0.10504697
0.25,0.72,0.8,0.11769949
0.25,0.76,0.8,0.1311666
0.25,0.8,0.8,0.1455165
0.25,0.84,0.8,0.16078784
0.25,0.88,0.8,0.17700496
0.25,0.92,0.8,0.19417173
0.25,0.96,0.8,0.21231946
0.25,1.0,0.8,0.2314863
0.25,0.0,0.84,-0.017664682
0.25,0.04,0.84,-0.013485737
0.25,0.08,0.84,-0.009106334
0.25,0.12,0.84,-0.004516095
0.25,0.16,0.84,0.00030652434
0.25,0.2,0.84,0.0053813085
0.25,0.24,0.84,0.010747109
0.25,0.28,0.84,0.016496811
0.25,0.32,0.84,0.022695657
0.25,0.36,0.84,0.029386152
0.25,0.4,0.84,0.036594402
0.25,0.44,0.84,0.044348318
0.25,0.48,0.84,0.05270453
0.25,0.52,0.84,0.06169961
0.25,0.56,0.84,0.07136291
0.25,0.6,0.84,0.081725016
0.25,0.64,0.84,0.092818156
0.25,0.68,0.84,0.10467699
0.25,0.72,0.84,0.11732568
0.25,0.76,0.84,0.13078175
0.25,0.8,0.84,0.14511344
0.25,0.84,0.84,0.16035853
0.25,0.88,0.84,0.17655125
0.25,0.92,0.84,0.19369268
0.25,0.96,0.84,0.2118076
0.25,1.0,0.84,0.23093404
0.25,0.0,0.88,-0.018920437
0.25,0.04,0.88,-0.014662039
0.25,0.08,0.88,-0.010201655
0.25,0.12,0.88,-0.0055272505
0.25,0.16,0.88,-0.00061579794
0.25,0.2,0.88,0.004550297
0.25,0.24,0.88,0.009995196
0.25,0.28,0.88,0.015812796
0.25,0.32,0.88,0.02205621
0.25,0.36,0.88,0.028786618
0.25,0.4,0.88,0.036030646
0.25,0.44,0.88,0.043821108
0.25,0.48,0.88,0.052214835
0.25,0.52,0.88,0.061242554
0.25,0.56,0.88,0.070933744
0.25,0.6,0.88,0.08131845
0.25,0.64,0.88,0.09242877
0.25,0.68,0.88,0.104298726
0.25,0.72,0.88,0.11694303
0.25,0.76,0.88,0.13039084
0.25,0.8,0.88,0.14470619
0.25,0.84,0.88,0.15992762
0.25,0.88,0.88,0.17609331
0.25,0.92,0.88,0.19321106
0.25,0.96,0.88,0.21129555
0.25,1.0,0.88,0.23038208
0.25,0.0,0.92,-0.020209016
0.25,0.04,0.92,-0.01587158
0.25,0.08,0.92,-0.011329975
0.25,0.12,0.92,-0.0065710843
0.25,0.16,0.92,-0.0015703551
0.25,0.2,0.92,0.0036869198
0.25,0.24,0.92,0.009217065
0.25,0.28,0.92,0.015103955
0.25,0.32,0.92,0.021398168
0.25,0.36,0.92,0.02816898
0.25,0.4,0.92,0.035449233
0.25,0.44,0.92,0.0432803
0.25,0.48,0.92,0.05171245
0.25,0.52,0.92,0.06077404
0.25,0.56,0.92,0.070494175
0.25,0.6,0.92,0.080902815
0.25,0.64,0.92,0.09203157
0.25,0.68,0.92,0.10391426
0.25,0.72,0.92,0.116554156
0.25,0.76,0.92,0.12999618
0.25,0.8,0.92,0.14429818
0.25,0.84,0.92,0.15949795
0.25,0.88,0.92,0.1756346
0.25,0.92,0.92,0.19273004
0.25,0.96,0.92,0.21078548
0.25,1.0,0.92,0.22983329
0.25,0.0,0.96,-0.021528639
0.25,0.04,0.96,-0.017112019
0.25,0.08,0.96,-0.012489464
0.25,0.12,0.96,-0.007644832
0.25,0.16,0.96,-0.0025553294
0.25,0.2,0.96,0.002793204
0.25,0.24,0.96,0.008414786
0.25,0.28,0.96,0.014370929
0.25,0.32,0.96,0.020723399
0.25,0.36,0.96,0.027535569
0.25,0.4,0.96,0.03485356
0.25,0.44,0.96,0.04272804
0.25,0.48,0.96,0.05119964
0.25,0.52,0.96,0.060296144
0.25,0.56,0.96,0.070046306
0.25,0.6,0.96,0.0804802
0.25,0.64,0.96,0.091629
0.25,0.68,0.96,0.1035244
0.25,0.72,0.96,0.116161495
0.25,0.76,0.96,0.12959956
0.25,0.8,0.96,0.14389053
0.25,0.84,0.96,0.15907125
0.25,0.88,0.96,0.17518131
0.25,0.92,0.96,0.19225134
0.25,0.96,0.96,0.21027996
0.25,1.0,0.96,0.22928898
0.25,0.0,1.0,-0.022877185
0.25,0.04,1.0,-0.018381272
0.25,0.08,1.0,-0.0136779845
0.25,0.12,1.0,-0.008747052
0.25,0.16,1.0,-0.0035684295
0.25,0.2,1.0,0.0018712692
0.25,0.24,1.0,0.0075865127
0.25,0.28,1.0,0.013615835
0.25,0.32,1.0,0.020033818
0.25,0.36,1.0,0.026888203
0.25,0.4,1.0,0.034247268
0.25,0.44,1.0,0.04216643
0.25,0.48,1.0,0.05067851
0.25,0.52,1.0,0.059811007
0.25,0.56,1.0,0.06959249
0.25,0.6,1.0,0.08005275
0.25,0.64,1.0,0.09122293
0.25,0.68,1.0,0.10313004
0.25,0.72,1.0,0.11576684
0.25,0.76,1.0,0.12920353
0.25,0.8,1.0,0.14348571
0.25,0.84,1.0,0.15865032
0.25,0.88,1.0,0.17473598
0.25,0.92,1.0,0.19177824
0.25,0.96,1.0,0.20978159
0.25,1.0,1.0,0.22875172
0.5,0.0,0.0,0.021173568
0.5,0.04,0.0,0.025608934
0.5,0.08,0.0,0.030513152
0.5,0.12,0.0,0.03571062
0.5,0.16,0.0,0.041223764
0.5,0.2,0.0,0.047094714
0.5,0.24,0.0,0.053346377
0.5,0.28,0.0,0.060007986
0.5,0.32,0.0,0.06711137
0.5,0.36,0.0,0.07468274
0.5,0.4,0.0,0.0827418
0.5,0.44,0.0,0.09132141
0.5,0.48,0.0,0.10045828
0.5,0.52,0.0,0.11019993
0.5,0.56,0.0,0.120618865
0.5,0.6,0.0,0.13176633
0.5,0.64,0.0,0.14369318
0.5,0.68,0.0,0.15645343
0.5,0.72,0.0,0.17010233
0.5,0.76,0.0,0.18463725
0.5,0.8,0.0,0.20009246
0.5,0.84,0.0,0.21657221
0.5,0.88,0.0,0.2341239
0.5,0.92,0.0,0.2527919
0.5,0.96,0.0,0.2726233
0.5,1.0,0.0,0.29358667
0.5,0.0,0.04,0.021017613
0.5,0.04,0.04,0.02555133
0.5,0.08,0.04,0.030500099
0.5,0.12,0.04,0.035734426
0.5,0.16,0.04,0.041279607
0.5,0.2,0.04,0.047179785
0.5,0.24,0.04,0.053458426
0.5,0.28,0.04,0.06014732
0.5,0.32,0.04,0.06727444
0.5,0.36,0.04,0.07485773
0.5,0.4,0.04,0.082924336
0.5,0.44,0.04,0.091508195
0.5,0.48,0.04,0.10064614
0.5,0.52,0.04,0.110391736
0.5,0.56,0.04,0.12081665
0.5,0.6,0.04,0.13196819
0.5,0.64,0.04,0.14389564
0.5,0.68,0.04,0.15665366
0.5,0.72,0.04,0.17029448
0.5,0.76,0.04,0.18480866
0.5,0.8,0.04,0.20023707
0.5,0.84,0.04,0.2166828
0.5,0.88,0.04,0.23419262
0.5,0.92,0.04,0.2528097
0.5,0.96,0.04,0.27258104
0.5,1.0,0.04,0.2935203
0.5,0.0,0.08,0.02076766
0.5,0.04,0.08,0.025409717
0.5,0.08,0.08,0.030407015
0.5,0.12,0.08,0.03568143
0.5,0.16,0.08,0.041261245
0.5,0.2,0.08,0.047191117
0.5,0.24,0.08,0.053498644
0.5,0.28,0.08,0.060215134
0.5,0.32,0.08,0.06736173
0.5,0.36,0.08,0.07495694
0.5,0.4,0.08,0.08303203
0.5,0.44,0.08,0.09162168
0.5,0.48,0.08,0.10076234
0.5,0.52,0.08,0.11051811
0.5,0.56,0.08,0.1209501
0.5,0.6,0.08,0.13210624
0.5,0.64,0.08,0.14403641
0.5,0.68,0.08,0.15679392
0.5,0.72,0.08,0.17042457
0.5,0.76,0.08,0.18492281
0.5,0.8,0.08,0.20032896
0.5,0.84,0.08,0.21674146
0.5,0.88,0.08,0.23421153
0.5,0.92,0.08,0.25278068
0.5,0.96,0.08,0.27249476
0.5,1.0,0.08,0.29339057
0.5,0.0,0.12,0.020438436
0.5,0.04,0.12,0.025192816
0.5,0.08,0.12,0.030242525
0.5,0.12,0.12,0.03555724
0.5,0.16,0.12,0.0411724
0.5,0.2,0.12,0.04713274
0.5,0.24,0.12,0.05347083
0.5,0.28,0.12,0.06021421
0.5,0.32,0.12,0.06737696
0.5,0.36,0.12,0.0749851
0.5,0.4,0.12,0.08307025
0.5,0.44,0.12,0.091666594
0.5,0.48,0.12,0.10081528
0.5,0.52,0.12,0.11058253
0.5,0.56,0.12,0.12102382
0.5,0.6,0.12,0.13218622
0.5,0.64,0.12,0.14412008
0.5,0.68,0.12,0.15687886
0.5,0.72,0.12,0.17050195
0.5,0.76,0.12,0.18498753
0.5,0.8,0.12,0.20037317
0.5,0.84,0.12,0.21675372
0.5,0.88,0.12,0.23418562
0.5,0.92,0.12,0.25270885
0.5,0.96,0.12,0.27236816
0.5,1.0,0.12,0.2932094
0.5,0.0,0.16,0.020035729
0.5,0.04,0.16,0.024897818
0.5,0.08,0.16,0.030009247
0.5,0.12,0.16,0.035365254
0.5,0.16,0.16,0.041016825
0.5,0.2,0.16,0.047008414
0.5,0.24,0.16,0.053378146
0.5,0.28,0.16,0.060144972
0.5,0.32,0.16,0.06732465
0.5,0.36,0.16,0.07494679
0.5,0.4,0.16,0.08304329
0.5,0.44,0.16,0.09164877
0.5,0.48,0.16,0.1008095
0.5,0.52,0.16,0.11059025
0.5,0.56,0.16,0.12104225
0.5,0.6,0.16,0.13221252
0.5,0.64,0.16,0.14415103
0.5,0.68,0.16,0.15691534
0.5,0.72,0.16,0.17053448
0.5,0.76,0.16,0.18500727
0.5,0.8,0.16,0.2003741
0.5,0.84,0.16,0.2167246
0.5,0.88,0.16,0.23411861
0.5,0.92,0.16,0.25259802
0.5,0.96,0.16,0.27220568
0.5,1.0,0.16,0.29298824
0.5,0.0,0.2,0.019566823
0.5,0.04,0.2,0.02452816
0.5,0.08,0.2,0.029708859
0.5,0.12,0.2,0.0351091
0.5,0.16,0.2,0.040797677
0.5,0.2,0.2,0.046822738
0.5,0.24,0.2,0.05322318
0.5,0.28,0.2,0.06001098
0.5,0.32,0.2,0.067208916
0.5,0.36,0.2,0.07484643
0.5,0.4,0.2,0.0829552
0.5,0.44,0.2,0.09157421
0.5,0.48,0.2,0.10074918
0.5,0.52,0.2,0.110544965
0.5,0.56,0.2,0.12100938
0.5,0.6,0.2,0.13218924
0.5,0.64,0.2,0.14413771
0.5,0.68,0.2,0.15691319
0.5,0.72,0.2,0.17052689
0.5,0.76,0.2,0.18498805
0.5,0.8,0.2,0.200336
0.5,0.84,0.2,0.21665855
0.5,0.88,0.2,0.23401624
0.5,0.92,0.2,0.25245285
0.5,0.96,0.2,0.27201042
0.5,1.0,0.2,0.29273468
0.5,0.0,0.24,0.019042319
0.5,0.04,0.24,0.024088982
0.5,0.08,0.24,0.029342942
0.5,0.12,0.24,0.034791693
0.5,0.16,0.24,0.04051869
0.5,0.2,0.24,0.04657812
0.5,0.24,0.24,0.053007226
0.5,0.28,0.24,0.059816938
0.5,0.32,0.24,0.06703399
0.5,0.36,0.24,0.07468785
0.5,0.4,0.24,0.08281152
0.5,0.44,0.24,0.09144668
0.5,0.48,0.24,0.100638404
0.5,0.52,0.24,0.11045067
0.5,0.56,0.24,0.12092905
0.5,0.6,0.24,0.13212377
0.5,0.64,0.24,0.14408876
0.5,0.68,0.24,0.15687528
0.5,0.72,0.24,0.17048392
0.5,0.76,0.24,0.18493353
0.5,0.8,0.24,0.20026281
0.5,0.84,0.24,0.21655877
0.5,0.88,0.24,0.23388271
0.5,0.92,0.24,0.2522774
0.5,0.96,0.24,0.27178675
0.5,1.0,0.24,0.29245496
0.5,0.0,0.28,0.018464535
0.5,0.04,0.28,0.023590703
0.5,0.08,0.28,0.02891374
0.5,0.12,0.28,0.0344162
0.5,0.16,0.28,0.040183127
0.5,0.2,0.28,0.046278056
0.5,0.24,0.28,0.05273399
0.5,0.28,0.28,0.05956636
0.5,0.32,0.28,0.0668038
0.5,0.36,0.28,0.07447544
0.5,0.4,0.28,0.08261724
0.5,0.44,0.28,0.09126966
0.5,0.48,0.28,0.10048054
0.5,0.52,0.28,0.110311076
0.5,0.56,0.28,0.12080985
0.5,0.6,0.28,0.13202552
0.5,0.64,0.28,0.14400828
0.5,0.68,0.28,0.15680508
0.5,0.72,0.28,0.17041004
0.5,0.76,0.28,0.1848491
0.5,0.8,0.28,0.20016035
0.5,0.84,0.28,0.2164292
0.5,0.88,0.28,0.23372114
0.5,0.92,0.28,0.2520763
0.5,0.96,0.28,0.27153906
0.5,1.0,0.28,0.29215258
0.5,0.0,0.32,0.017834915
0.5,0.04,0.32,0.02303747
0.5,0.08,0.32,0.028423358
0.5,0.12,0.32,0.033982642
0.5,0.16,0.32,0.039794043
0.5,0.2,0.32,0.045924496
0.5,0.24,0.32,0.052406464
0.5,0.28,0.32,0.05926322
0.5,0.32,0.32,0.06652211
0.5,0.36,0.32,0.07421322
0.5,0.4,0.32,0.08237584
0.5,0.44,0.32,0.09104684
0.5,0.48,0.32,0.100280285
0.5,0.52,0.32,0.110136464
0.5,0.56,0.32,0.12065996
0.5,0.6,0.32,0.13189784
0.5,0.64,0.32,0.14390019
0.5,0.68,0.32,0.1567063
0.5,0.72,0.32,0.17030875
0.5,0.76,0.32,0.18473855
0.5,0.8,0.32,0.20003323
0.5,0.84,0.32,0.21627425
0.5,0.88,0.32,0.233535
0.5,0.92,0.32,0.25185272
0.5,0.96,0.32,0.27127013
0.5,1.0,0.32,0.29183167
0.5,0.0,0.36,0.01715163
0.5,0.04,0.36,0.022427965
0.5,0.08,0.36,0.027877387
0.5,0.12,0.36,0.033492364
0.5,0.16,0.36,0.039354134
0.5,0.2,0.36,0.045518953
0.5,0.24,0.36,0.05202901
0.5,0.28,0.36,0.058910776
0.5,0.32,0.36,0.0661924
0.5,0.36,0.36,0.07390566
0.5,0.4,0.36,0.08209072
0.5,0.44,0.36,0.09078504
0.5,0.48,0.36,0.100048706
0.5,0.52,0.36,0.1099336
0.5,0.56,0.36,0.120483354
0.5,0.6,0.36,0.13174446
0.5,0.64,0.36,0.14376771
0.5,0.68,0.36,0.1565823
0.5,0.72,0.36,0.17018352
0.5,0.76,0.36,0.18460569
0.5,0.8,0.36,0.1998852
0.5,0.84,0.36,0.21609986
0.5,0.88,0.36,0.2333276
0.5,0.92,0.36,0.25160974
0.5,0.96,0.36,0.27098358
0.5,1.0,0.36,0.29149497
0.5,0.0,0.4,0.016416136
0.5,0.04,0.4,0.021763384
0.5,0.08,0.4,0.027275436
0.5,0.12,0.4,0.032950033
0.5,0.16,0.4,0.03886183
0.5,0.2,0.4,0.04506218
0.5,0.24,0.4,0.05160209
0.5,0.28,0.4,0.058511283
0.5,0.32,0.4,0.065817386
0.5,0.36,0.4,0.073557526
0.5,0.4,0.4,0.08177161
0.5,0.44,0.4,0.090495706
0.5,0.48,0.4,0.09979148
0.5,0.52,0.4,0.10970572
0.5,0.56,0.4,0.12028277
0.5,0.6,0.4,0.1315689
0.5,0.64,0.4,0.14361471
0.5,0.68,0.4,0.1564364
0.5,0.72,0.4,0.17003788
0.5,0.76,0.4,0.18445356
0.5,0.8,0.4,0.19971998
0.5,0.84,0.4,0.21591012
0.5,0.88,0.4,0.23310457
0.5,0.92,0.4,0.25135002
0.5,0.96,0.4,0.2706828
0.5,1.0,0.4,0.29114544
0.5,0.0,0.44,0.01563102
0.5,0.04,0.44,0.021045353
0.5,0.08,0.44,0.026620053
0.5,0.12,0.44,0.032360036
0.5,0.16,0.44,0.038317107
0.5,0.2,0.44,0.044556025
0.5,0.24,0.44,0.051126856
0.5,0.28,0.44,0.05806582
0.5,0.32,0.44,0.06540343
0.5,0.36,0.44,0.073178604
0.5,0.4,0.44,0.08142468
0.5,0.44,0.44,0.090181544
0.5,0.48,0.44,0.09951083
0.5,0.52,0.44,0.109456375
0.5,0.56,0.44,0.120061845
0.5,0.6,0.44,0.1313743
0.5,0.64,0.44,0.14344275
0.5,0.68,0.44,0.15627201
0.5,0.72,0.44,0.16987464
0.5,0.76,0.44,0.18428507
0.5,0.8,0.44,0.19953966
0.5,0.84,0.44,0.21570781
0.5,0.88,0.44,0.23287137
0.5,0.92,0.44,0.25107875
0.5,0.96,0.44,0.27037078
0.5,1.0,0.44,0.2907862
0.5,0.0,0.48,0.014798606
0.5,0.04,0.48,0.020276938
0.5,0.08,0.48,0.025914125
0.5,0.12,0.48,0.03172015
0.5,0.16,0.48,0.037725743
0.5,0.2,0.48,0.04400621
0.5,0.24,0.48,0.05061381
0.5,0.28,0.48,0.057588633
0.5,0.32,0.48,0.06496167
0.5,0.36,0.48,0.07277189
0.5,0.4,0.48,0.081051126
0.5,0.44,0.48,0.089843035
0.5,0.48,0.48,0.09920721
0.5,0.52,0.48,0.1091858
0.5,0.56,0.48,0.1198218
0.5,0.6,0.48,0.1311626
0.5,0.64,0.48,0.1432536
0.5,0.68,0.48,0.15609151
0.5,0.72,0.48,0.16969657
0.5,0.76,0.48,0.18410344
0.5,0.8,0.48,0.19934759
0.5,0.84,0.48,0.21549578
0.5,0.88,0.48,0.23263055
0.5,0.92,0.48,0.2508
0.5,0.96,0.48,0.27005082
0.5,1.0,0.48,0.29042017
0.5,0.0,0.52,0.013920721
0.5,0.04,0.52,0.019460078
0.5,0.08,0.52,0.025161285
0.5,0.12,0.52,0.031037323
0.5,0.16,0.52,0.03710229
0.5,0.2,0.52,0.043428052
0.5,0.24,0.52,0.050074104
0.5,0.28,0.52,0.05708501
0.5,0.32,0.52,0.064495504
0.5,0.36,0.52,0.07234132
0.5,0.4,0.52,0.08065447
0.5,0.44,0.52,0.089483246
0.5,0.48,0.52,0.09888367
0.5,0.52,0.52,0.10889618
0.5,0.56,0.52,0.119564325
0.5,0.6,0.52,0.13093503
0.5,0.64,0.52,0.14304814
0.5,0.68,0.52,0.15589604
0.5,0.72,0.52,0.1695057
0.5,0.76,0.52,0.18391065
0.5,0.8,0.52,0.19914624
0.5,0.84,0.52,0.21527657
0.5,0.88,0.52,0.23238483
0.5,0.92,0.52,0.25051922
0.5,0.96,0.52,0.269727
0.5,1.0,0.52,0.29005092
0.5,0.0,0.56,0.013000429
0.5,0.04,0.56,0.018605612
0.5,0.08,0.56,0.024376497
0.5,0.12,0.56,0.030324329
0.5,0.16,0.56,0.0364546
0.5,0.2,0.56,0.042825278
0.5,0.24,0.56,0.04951046
0.5,0.28,0.56,0.05655882
0.5,0.32,0.56,0.064007595
0.5,0.36,0.56,0.071890056
0.5,0.4,0.56,0.080237836
0.5,0.44,0.56,0.08910589
0.5,0.48,0.56,0.09854327
0.5,0.52,0.56,0.108591154
0.5,0.56,0.56,0.11929259
0.5,0.6,0.56,0.13069452
0.5,0.64,0.56,0.14282863
0.5,0.68,0.56,0.15568851
0.5,0.72,0.56,0.16930358
0.5,0.76,0.56,0.18370807
0.5,0.8,0.56,0.19893683
0.5,0.84,0.56,0.21505207
0.5,0.88,0.56,0.2321367
0.5,0.92,0.56,0.25023785
0.5,0.96,0.56,0.26940435
0.5,1.0,0.56,0.28968257
0.5,0.0,0.6,0.012051836
0.5,0.04,0.6,0.01772353
0.5,0.08,0.6,0.023563933
0.5,0.12,0.6,0.02958363
0.5,0.16,0.6,0.035783675
0.5,0.2,0.6,0.04220124
0.5,0.24,0.6,0.04892664
0.5,0.28,0.6,0.05601353
0.5,0.32,0.6,0.06350151
0.5,0.36,0.6,0.07142083
0.5,0.4,0.6,0.0798057
0.5,0.44,0.6,0.088713646
0.5,0.48,0.6,0.09818944
0.5,0.52,0.6,0.108273745
0.5,0.56,0.6,0.1190097
0.5,0.6,0.6,0.13044429
0.5,0.64,0.6,0.14259893
0.5,0.68,0.6,0.15547134
0.5,0.72,0.6,0.1690935
0.5,0.76,0.6,0.18349862
0.5,0.8,0.6,0.19872229
0.5,0.84,0.6,0.21482454
0.5,0.88,0.6,0.231888
0.5,0.92,0.6,0.24995914
0.5,0.96,0.6,0.26908666
0.5,1.0,0.6,0.28931832
0.5,0.0,0.64,0.011077229
0.5,0.04,0.64,0.016816184
0.5,0.08,0.64,0.022726309
0.5,0.12,0.64,0.028817125
0.5,0.16,0.64,0.035087626
0.5,0.2,0.64,0.041557584
0.5,0.24,0.64,0.04832578
0.5,0.28,0.64,0.05545241
0.5,0.32,0.64,0.06297974
0.5,0.36,0.64,0.070936754
0.5,0.4,0.64,0.07936062
0.5,0.44,0.64,0.088309854
0.5,0.48,0.64,0.09782511
0.5,0.52,0.64,0.10794684
0.5,0.56,0.64,0.11871898
0.5,0.6,0.64,0.13018738
0.5,0.64,0.64,0.1423615
0.5,0.68,0.64,0.15524776
0.5,0.72,0.64,0.168878
0.5,0.76,0.64,0.1832857
0.5,0.8,0.64,0.1985053
0.5,0.84,0.64,0.21459673
0.5,0.88,0.64,0.23164143
0.5,0.92,0.64,0.24968535
0.5,0.96,0.64,0.2687764
0.5,1.0,0.64,0.28896302
0.5,0.0,0.68,0.010079246
0.5,0.04,0.68,0.015885785
0.5,0.08,0.68,0.02186504
0.5,0.12,0.68,0.02802683
0.5,0.16,0.68,0.034367513
0.5,0.2,0.68,0.0408966
0.5,0.24,0.68,0.047709916
0.5,0.28,0.68,0.054877754
0.5,0.32,0.68,0.062445033
0.5,0.36,0.68,0.07044043
0.5,0.4,0.68,0.0789057
0.5,0.44,0.68,0.087897
0.5,0.48,0.68,0.097452804
0.5,0.52,0.68,0.107613385
0.5,0.56,0.68,0.11842282
0.5,0.6,0.68,0.12992479
0.5,0.64,0.68,0.1421193
0.5,0.68,0.68,0.15502049
0.5,0.72,0.68,0.1686602
0.5,0.76,0.68,0.18307152
0.5,0.8,0.68,0.19828889
0.5,0.84,0.68,0.2143715
0.5,0.88,0.68,0.23139982
0.5,0.92,0.68,0.24941884
0.5,0.96,0.68,0.26847667
0.5,1.0,0.68,0.28862113
0.5,0.0,0.72,0.00905956
0.5,0.04,0.72,0.014933545
0.5,0.08,0.72,0.020982385
0.5,0.12,0.72,0.027214669
0.5,0.16,0.72,0.033625398
0.5,0.2,0.72,0.040220443
0.5,0.24,0.72,0.04708017
0.5,0.28,0.72,0.054292183
0.5,0.32,0.72,0.061900172
0.5,0.36,0.72,0.06993462
0.5,0.4,0.72,0.078443706
0.5,0.44,0.72,0.08747804
0.5,0.48,0.72,0.09707551
0.5,0.52,0.72,0.10727644
0.5,0.56,0.72,0.11812428
0.5,0.6,0.72,0.12965924
0.5,0.64,0.72,0.14187486
0.5,0.68,0.72,0.15479214
0.5,0.72,0.72,0.16844264
0.5,0.76,0.72,0.1828589
0.5,0.8,0.72,0.19807541
0.5,0.84,0.72,0.21415128
0.5,0.88,0.72,0.23116574
0.5,0.92,0.72,0.24916254
0.5,0.96,0.72,0.2681895
0.5,1.0,0.72,0.28829446
0.5,0.0,0.76,0.0080201365
0.5,0.04,0.76,0.013961822
0.5,0.08,0.76,0.020079862
0.5,0.12,0.76,0.02638235
0.5,0.16,0.76,0.03286397
0.5,0.2,0.76,0.03953052
0.5,0.24,0.76,0.046438847
0.5,0.28,0.76,0.053698886
0.5,0.32,0.76,0.061347533
0.5,0.36,0.76,0.06942268
0.5,0.4,0.76,0.07797715
0.5,0.44,0.76,0.08705565
0.5,0.48,0.76,0.096695766
0.5,0.52,0.76,0.106938064
0.5,0.56,0.76,0.11782578
0.5,0.6,0.76,0.12939282
0.5,0.64,0.76,0.14163068
0.5,0.68,0.76,0.1545654
0.5,0.72,0.76,0.16822779
0.5,0.76,0.76,0.18265048
0.5,0.8,0.76,0.19786745
0.5,0.84,0.76,0.21393886
0.5,0.88,0.76,0.23094136
0.5,0.92,0.76,0.24891813
0.5,0.96,0.76,0.26791707
0.5,1.0,0.76,0.28798532
0.5,0.0,0.8,0.006963033
0.5,0.04,0.8,0.012972303
0.5,0.08,0.8,0.019159455
0.5,0.12,0.8,0.025532149
0.5,0.16,0.8,0.032084357
0.5,0.2,0.8,0.038823936
0.5,0.24,0.8,0.04578792
0.5,0.28,0.8,0.05309711
0.5,0.32,0.8,0.06078938
0.5,0.36,0.8,0.068907544
0.5,0.4,0.8,0.07750854
0.5,0.44,0.8,0.08663212
0.5,0.48,0.8,0.096316054
0.5,0.52,0.8,0.106601
0.5,0.56,0.8,0.117529914
0.5,0.6,0.8,0.1291284
0.5,0.64,0.8,0.1413894
0.5,0.68,0.8,0.15434235
0.5,0.72,0.8,0.16801788
0.5,0.76,0.8,0.18244839
0.5,0.8,0.8,0.19766727
0.5,0.84,0.8,0.21373619
0.5,0.88,0.8,0.230729
0.5,0.92,0.8,0.24868862
0.5,0.96,0.8,0.26766193
0.5,1.0,0.8,0.28769627
0.5,0.0,0.84,0.005889658
0.5,0.04,0.84,0.011966057
0.5,0.08,0.84,0.018222492
0.5,0.12,0.84,0.024665404
0.5,0.16,0.84,0.031288963
0.5,0.2,0.84,0.038101856
0.5,0.24,0.84,0.04512875
0.5,0.28,0.84,0.05248813
0.5,0.32,0.84,0.06022833
0.5,0.36,0.84,0.068391785
0.5,0.4,0.84,0.07704015
0.5,0.44,0.84,0.08620998
0.5,0.48,0.84,0.095939115
0.5,0.52,0.84,0.10626756
0.5,0.56,0.84,0.11723907
0.5,0.6,0.84,0.12886763
0.5,0.64,0.84,0.14115326
0.5,0.68,0.84,0.15412556
0.5,0.72,0.84,0.16781539
0.5,0.76,0.84,0.18225494
0.5,0.8,0.84,0.19747712
0.5,0.84,0.84,0.21354572
0.5,0.88,0.84,0.23053111
0.5,0.92,0.84,0.24847573
0.5,0.96,0.84,0.26742586
0.5,1.0,0.84,0.28742886
0.5,0.0,0.88,0.004801631
0.5,0.04,0.88,0.0109456405
0.5,0.08,0.88,0.017271258
0.5,0.12,0.88,0.023784231
0.5,0.16,0.88,0.030479249
0.5,0.2,0.88,0.037365932
0.5,0.24,0.88,0.044463303
0.5,0.28,0.88,0.051873233
0.5,0.32,0.88,0.059665624
0.5,0.36,0.88,0.067877874
0.5,0.4,0.88,0.07657437
0.5,0.44,0.88,0.085791305
0.5,0.48,0.88,0.09556644
0.5,0.52,0.88,0.1059401
0.5,0.56,0.88,0.11695479
0.5,0.6,0.88,0.12861313
0.5,0.64,0.88,0.14092398
0.5,0.68,0.88,0.15391718
0.5,0.72,0.88,0.16762267
0.5,0.76,0.88,0.1820725
0.5,0.8,0.88,0.19729944
0.5,0.84,0.88,0.21336961
0.5,0.88,0.88,0.23034957
0.5,0.92,0.88,0.24828136
0.5,0.96,0.88,0.26721102
0.5,1.0,0.88,0.28718567
0.5,0.0,0.92,0.0037005395
0.5,0.04,0.92,0.009911962
0.5,0.08,0.92,0.016306806
0.5,0.12,0.92,0.022890136
0.5,0.16,0.92,0.029657062
0.5,0.2,0.92,0.036617827
0.5,0.24,0.92,0.043792617
0.5,0.28,0.92,0.051254597
0.5,0.32,0.92,0.05910034
0.5,0.36,0.92,0.06736776
0.5,0.4,0.92,0.07611345
0.5,0.44,0.92,0.08537872
0.5,0.48,0.92,0.095200926
0.5,0.52,0.92,0.10562074
0.5,0.56,0.92,0.11667782
0.5,0.6,0.92,0.1283671
0.5,0.64,0.92,0.14070453
0.5,0.68,0.92,0.15371916
0.5,0.72,0.92,0.16744138
0.5,0.76,0.92,0.18190247
0.5,0.8,0.92,0.19713609
0.5,0.84,0.92,0.21320951
0.5,0.88,0.92,0.23018642
0.5,0.92,0.92,0.24810778
0.5,0.96,0.92,0.26701915
0.5,1.0,0.92,0.2869675
0.5,0.0,0.96,0.0025876313
0.5,0.04,0.96,0.008866753
0.5,0.08,0.96,0.015330937
0.5,0.12,0.96,0.02198476
0.5,0.16,0.96,0.028823916
0.5,0.2,0.96,0.035859358
0.5,0.24,0.96,0.04311311
0.5,0.28,0.96,0.050633322
0.5,0.32,0.96,0.058535162
0.5,0.36,0.96,0.06686373
0.5,0.4,0.96,0.07565957
0.5,0.44,0.96,0.08497374
0.5,0.48,0.96,0.094844446
0.5,0.52,0.96,0.10531196
0.5,0.56,0.96,0.11641055
0.5,0.6,0.96,0.12813167
0.5,0.64,0.96,0.1404961
0.5,0.68,0.96,0.15353347
0.5,0.72,0.96,0.16727352
0.5,0.76,0.96,0.1817476
0.5,0.8,0.96,0.19698925
0.5,0.84,0.96,0.21306813
0.5,0.88,0.96,0.23004368
0.5,0.92,0.96,0.24795659
0.5,0.96,0.96,0.26685208
0.5,1.0,0.96,0.28677666
0.5,0.0,1.0,0.001464814
0.5,0.04,1.0,0.0078115314
0.5,0.08,1.0,0.014345109
0.5,0.12,1.0,0.02106969
0.5,0.16,1.0,0.027981702
0.5,0.2,1.0,0.03509246
0.5,0.24,1.0,0.042425614
0.5,0.28,1.0,0.050011102
0.5,0.32,1.0,0.057971504
0.5,0.36,1.0,0.06636636
0.5,0.4,1.0,0.075214535
0.5,0.44,1.0,0.08457911
0.5,0.48,1.0,0.094499245
0.5,0.52,1.0,0.10501525
0.5,0.56,1.0,0.116154626
0.5,0.6,1.0,0.12790832
0.5,0.64,1.0,0.14030108
0.5,0.68,1.0,0.153362
0.5,0.72,1.0,0.16712122
0.5,0.76,1.0,0.1816095
0.5,0.8,1.0,0.19686082
0.5,0.84,1.0,0.21294686
0.5,0.88,1.0,0.22992304
0.5,0.92,1.0,0.24782997
0.5,0.96,1.0,0.26671183
0.5,1.0,1.0,0.28661513
0.75,0.0,0.0,0.03694584
0.75,0.04,0.0,0.042857073
0.75,0.08,0.0,0.04901481
0.75,0.12,0.0,0.05541991
0.75,0.16,0.0,0.062100526
0.75,0.2,0.0,0.069075
0.75,0.24,0.0,0.07636289
0.75,0.28,0.0,0.083989784
0.75,0.32,0.0,0.09199007
0.75,0.36,0.0,0.100387275
0.75,0.4,0.0,0.10921611
0.75,0.44,0.0,0.11853348
0.75,0.48,0.0,0.12837224
0.75,0.52,0.0,0.13876352
0.75,0.56,0.0,0.14974493
0.75,0.6,0.0,0.16135448
0.75,0.64,0.0,0.17363065
0.75,0.68,0.0,0.18661457
0.75,0.72,0.0,0.20034978
0.75,0.76,0.0,0.21488704
0.75,0.8,0.0,0.23030433
0.75,0.84,0.0,0.24669617
0.75,0.88,0.0,0.264127
0.75,0.92,0.0,0.2826656
0.75,0.96,0.0,0.30236578
0.75,1.0,0.0,0.32299984
0.75,0.0,0.04,0.03638306
0.75,0.04,0.04,0.04237705
0.75,0.08,0.04,0.048575517
0.75,0.12,0.04,0.05500683
0.75,0.16,0.04,0.061710063
0.75,0.2,0.04,0.06870425
0.75,0.24,0.04,0.07600856
0.75,0.28,0.04,0.0836499
0.75,0.32,0.04,0.09166135
0.75,0.36,0.04,0.10006708
0.75,0.4,0.04,0.108906105
0.75,0.44,0.04,0.11823061
0.75,0.48,0.04,0.12807319
0.75,0.52,0.04,0.13846736
0.75,0.56,0.04,0.14945097
0.75,0.6,0.04,0.16105989
0.75,0.64,0.04,0.17333172
0.75,0.68,0.04,0.1863086
0.75,0.72,0.04,0.20003723
0.75,0.76,0.04,0.21457168
0.75,0.8,0.04,0.22997643
0.75,0.84,0.04,0.24635015
0.75,0.88,0.04,0.26375794
0.75,0.92,0.04,0.28226858
0.75,0.96,0.04,0.30195376
0.75,1.0,0.04,0.32264435
0.75,0.0,0.08,0.03577144
0.75,0.04,0.08,0.041847534
0.75,0.08,0.08,0.048090156
0.75,0.12,0.08,0.054550994
0.75,0.16,0.08,0.061277624
0.75,0.2,0.08,0.06829195
0.75,0.24,0.08,0.075613126
0.75,0.28,0.08,0.083269924
0.75,0.32,0.08,0.09129384
0.75,0.36,0.08,0.09971061
0.75,0.4,0.08,0.108561024
0.75,0.44,0.08,0.11789353
0.75,0.48,0.08,0.12774184
0.75,0.52,0.08,0.13814217
0.75,0.56,0.08,0.14912912
0.75,0.6,0.08,0.16073853
0.75,0.64,0.08,0.1730078
0.75,0.68,0.08,0.1859806
0.75,0.72,0.08,0.19970845
0.75,0.76,0.08,0.21424074
0.75,0.8,0.08,0.22963588
0.75,0.84,0.08,0.2459937
0.75,0.88,0.08,0.26338124
0.75,0.92,0.08,0.28186658
0.75,0.96,0.08,0.30152413
0.75,1.0,0.08,0.32225204
0.75,0.0,0.12,0.035113737
0.75,0.04,0.12,0.0412673
0.75,0.08,0.12,0.047559243
0.75,0.12,0.12,0.054055165
0.75,0.16,0.12,0.06080525
0.75,0.2,0.12,0.06784013
0.75,0.24,0.12,0.075178936
0.75,0.28,0.12,0.08285247
0.75,0.32,0.12,0.090889454
0.75,0.36,0.12,0.099320054
0.75,0.4,0.12,0.10818358
0.75,0.44,0.12,0.11752486
0.75,0.48,0.12,0.12738195
0.75,0.52,0.12,0.13778974
0.75,0.56,0.12,0.14878163
0.75,0.6,0.12,0.16039267
0.75,0.64,0.12,0.17266215
0.75,0.68,0.12,0.1856382
0.75,0.72,0.12,0.19936739
0.75,0.76,0.12,0.21389747
0.75,0.8,0.12,0.22928528
0.75,0.84,0.12,0.24562883
0.75,0.88,0.12,0.26299864
0.75,0.92,0.12,0.28146178
0.75,0.96,0.12,0.30109194
0.75,1.0,0.12,0.3218296
0.75,0.0,0.16,0.034412008
0.75,0.04,0.16,0.04063935
0.75,0.08,0.16,0.04698589
0.75,0.12,0.16,0.053520862
0.75,0.16,0.16,0.06029549
0.75,0.2,0.16,0.067351624
0.75,0.24,0.16,0.074708864
0.75,0.28,0.16,0.08239959
0.75,0.32,0.16,0.09045127
0.75,0.36,0.16,0.09889834
0.75,0.4,0.16,0.10777539
0.75,0.44,0.16,0.11712745
0.75,0.48,0.16,0.1269958
0.75,0.52,0.16,0.13741238
0.75,0.56,0.16,0.14841004
0.75,0.6,0.16,0.1600255
0.75,0.64,0.16,0.17230274
0.75,0.68,0.16,0.18528476
0.75,0.72,0.16,0.19901651
0.75,0.76,0.16,0.21354611
0.75,0.8,0.16,0.22892742
0.75,0.84,0.16,0.24525775
0.75,0.88,0.16,0.2626124
0.75,0.92,0.16,0.2810558
0.75,0.96,0.16,0.3006618
0.75,1.0,0.16,0.3213827
0.75,0.0,0.2,0.033668514
0.75,0.04,0.2,0.039966065
0.75,0.08,0.2,0.046372835
0.75,0.12,0.2,0.05294745
0.75,0.16,0.2,0.059750665
0.75,0.2,0.2,0.06682859
0.75,0.24,0.2,0.07420546
0.75,0.28,0.2,0.08191395
0.75,0.32,0.2,0.08998263
0.75,0.36,0.2,0.09844755
0.75,0.4,0.2,0.107339606
0.75,0.44,0.2,0.116704926
0.75,0.48,0.2,0.12658538
0.75,0.52,0.2,0.13701184
0.75,0.56,0.2,0.14801803
0.75,0.6,0.2,0.15964524
0.75,0.64,0.2,0.17193265
0.75,0.68,0.2,0.1849221
0.75,0.72,0.2,0.19865802
0.75,0.76,0.2,0.21318854
0.75,0.8,0.2,0.22856599
0.75,0.84,0.2,0.2448837
0.75,0.88,0.2,0.2622238
0.75,0.92,0.2,0.28065062
0.75,0.96,0.2,0.30023226
0.75,1.0,0.2,0.32092148
0.75,0.0,0.24,0.03288568
0.75,0.04,0.24,0.03925014
0.75,0.08,0.24,0.045720343
0.75,0.12,0.24,0.0523359
0.75,0.16,0.24,0.05917308
0.75,0.2,0.24,0.06627317
0.75,0.24,0.24,0.07367052
0.75,0.28,0.24,0.08139801
0.75,0.32,0.24,0.08948602
0.75,0.36,0.24,0.09796959
0.75,0.4,0.24,0.10687809
0.75,0.44,0.24,0.116258964
0.75,0.48,0.24,0.12615271
0.75,0.52,0.24,0.13659196
0.75,0.56,0.24,0.14761432
0.75,0.6,0.24,0.15925577
0.75,0.64,0.24,0.1715544
0.75,0.68,0.24,0.18455239
0.75,0.72,0.24,0.19829404
0.75,0.76,0.24,0.21282707
0.75,0.8,0.24,0.22820318
0.75,0.84,0.24,0.24451065
0.75,0.88,0.24,0.26183665
0.75,0.92,0.24,0.28024802
0.75,0.96,0.24,0.29980406
0.75,1.0,0.24,0.32045418
0.75,0.0,0.28,0.03206596
0.75,0.04,0.28,0.03849357
0.75,0.08,0.28,0.04502671
0.75,0.12,0.28,0.051688883
0.75,0.16,0.28,0.058564242
0.75,0.2,0.28,0.06568782
0.75,0.24,0.28,0.07310644
0.75,0.28,0.28,0.080853954
0.75,0.32,0.28,0.08896361
0.75,0.36,0.28,0.09746717
0.75,0.4,0.28,0.106394306
0.75,0.44,0.28,0.11579163
0.75,0.48,0.28,0.1257034
0.75,0.52,0.28,0.13616262
0.75,0.56,0.28,0.14720272
0.75,0.6,0.28,0.15885878
0.75,0.64,0.28,0.17117022
0.75,0.68,0.28,0.18417794
0.75,0.72,0.28,0.19792666
0.75,0.76,0.28,0.21246353
0.75,0.8,0.28,0.2278407
0.75,0.84,0.28,0.24414049
0.75,0.88,0.28,0.2614544
0.75,0.92,0.28,0.27985024
0.75,0.96,0.28,0.2993781
0.75,1.0,0.28,0.31998748
0.75,0.0,0.32,0.031209607
0.75,0.04,0.32,0.037698705
0.75,0.08,0.32,0.044294473
0.75,0.12,0.32,0.051008534
0.75,0.16,0.32,0.05792286
0.75,0.2,0.32,0.06507434
0.75,0.24,0.32,0.07251558
0.75,0.28,0.32,0.08028516
0.75,0.32,0.32,0.08841783
0.75,0.36,0.32,0.09694156
0.75,0.4,0.32,0.105890885
0.75,0.44,0.32,0.11531149
0.75,0.48,0.32,0.12524614
0.75,0.52,0.32,0.13572606
0.75,0.56,0.32,0.14678448
0.75,0.6,0.32,0.15845677
0.75,0.64,0.32,0.17078193
0.75,0.68,0.32,0.1838007
0.75,0.72,0.32,0.19755767
0.75,0.76,0.32,0.21210034
0.75,0.8,0.32,0.22748011
0.75,0.84,0.32,0.2437745
0.75,0.88,0.32,0.26107895
0.75,0.92,0.32,0.27946156
0.75,0.96,0.32,0.29895675
0.75,1.0,0.32,0.31952435
0.75,0.0,0.36,0.030318502
0.75,0.04,0.36,0.03686787
0.75,0.08,0.36,0.043525714
0.75,0.12,0.36,0.050297547
0.75,0.16,0.36,0.057249952
0.75,0.2,0.36,0.064434975
0.75,0.24,0.36,0.07189952
0.75,0.28,0.36,0.07969375
0.75,0.32,0.36,0.08785032
0.75,0.36,0.36,0.096399784
0.75,0.4,0.36,0.10537849
0.75,0.44,0.36,0.11482492
0.75,0.48,0.36,0.12478341
0.75,0.52,0.36,0.13528483
0.75,0.56,0.36,0.14636265
0.75,0.6,0.36,0.15805194
0.75,0.64,0.36,0.17039135
0.75,0.68,0.36,0.18342263
0.75,0.72,0.36,0.19718933
0.75,0.76,0.36,0.21173914
0.75,0.8,0.36,0.22712328
0.75,0.84,0.36,0.24341507
0.75,0.88,0.36,0.2607124
0.75,0.92,0.36,0.27908418
0.75,0.96,0.36,0.29854417
0.75,1.0,0.36,0.31906694
0.75,0.0,0.4,0.02939441
0.75,0.04,0.4,0.036003325
0.75,0.08,0.4,0.042722624
0.75,0.12,0.4,0.049556386
0.75,0.16,0.4,0.05654793
0.75,0.2,0.4,0.06377113
0.75,0.24,0.4,0.07126139
0.75,0.28,0.4,0.07908489
0.75,0.32,0.4,0.08727175
0.75,0.36,0.4,0.095852196
0.75,0.4,0.4,0.104861155
0.75,0.44,0.4,0.11433436
0.75,0.48,0.4,0.12431683
0.75,0.52,0.4,0.13484056
0.75,0.56,0.4,0.14593844
0.75,0.6,0.4,0.15764576
0.75,0.64,0.4,0.17000113
0.75,0.68,0.4,0.18304583
0.75,0.72,0.4,0.19682361
0.75,0.76,0.4,0.21138185
0.75,0.8,0.4,0.22677179
0.75,0.84,0.4,0.2430636
0.75,0.88,0.4,0.26035637
0.75,0.92,0.4,0.27871916
0.75,0.96,0.4,0.2981423
0.75,1.0,0.4,0.3186205
0.75,0.0,0.44,0.028439969
0.75,0.04,0.44,0.03510766
0.75,0.08,0.44,0.04188708
0.75,0.12,0.44,0.04878288
0.75,0.16,0.44,0.055819858
0.75,0.2,0.44,0.063084975
0.75,0.24,0.44,0.07061297
0.75,0.28,0.44,0.078470066
0.75,0.32,0.44,0.086689055
0.75,0.36,0.44,0.09530136
0.75,0.4,0.44,0.104340985
0.75,0.44,0.44,0.11384168
0.75,0.48,0.44,0.12384887
0.75,0.52,0.44,0.13439551
0.75,0.56,0.44,0.14551416
0.75,0.6,0.44,0.1572405
0.75,0.64,0.44,0.16961275
0.75,0.68,0.44,0.18267177
0.75,0.72,0.44,0.1964619
0.75,0.76,0.44,0.2110301
0.75,0.8,0.44,0.22642775
0.75,0.84,0.44,0.24272184
0.75,0.88,0.44,0.26001218
0.75,0.92,0.44,0.27836487
0.75,0.96,0.44,0.29775256
0.75,1.0,0.44,0.31818867
0.75,0.0,0.48,0.027456738
0.75,0.04,0.48,0.034182433
0.75,0.08,0.48,0.04102345
0.75,0.12,0.48,0.047984835
0.75,0.16,0.48,0.05507825
0.75,0.2,0.48,0.062388476
0.75,0.24,0.48,0.06996168
0.75,0.28,0.48,0.077852786
0.75,0.32,0.48,0.08610402
0.75,0.36,0.48,0.09474932
0.75,0.4,0.48,0.10381994
0.75,0.44,0.48,0.11334881
0.75,0.48,0.48,0.12338127
0.75,0.52,0.48,0.13395137
0.75,0.56,0.48,0.14509188
0.75,0.6,0.48,0.15683797
0.75,0.64,0.48,0.16922784
0.75,0.68,0.48,0.18230265
0.75,0.72,0.48,0.19610643
0.75,0.76,0.48,0.21068606
0.75,0.8,0.48,0.22609279
0.75,0.84,0.48,0.24239115
0.75,0.88,0.48,0.25968158
0.75,0.92,0.48,0.27802205
0.75,0.96,0.48,0.297377
0.75,1.0,0.48,0.3177722
0.75,0.0,0.52,0.026450902
0.75,0.04,0.52,0.033239122
0.75,0.08,0.52,0.040145207
0.75,0.12,0.52,0.047173467
0.75,0.16,0.52,0.05432934
0.75,0.2,0.52,0.061684493
0.75,0.24,0.52,0.06930879
0.75,0.28,0.52,0.077235
0.75,0.32,0.52,0.08551952
0.75,0.36,0.52,0.09419772
0.75,0.4,0.52,0.103299975
0.75,0.44,0.52,0.112857595
0.75,0.48,0.52,0.12291594
0.75,0.52,0.52,0.13351019
0.75,0.56,0.52,0.14467299
0.75,0.6,0.52,0.15643968
0.75,0.64,0.52,0.16884851
0.75,0.68,0.52,0.1819403
0.75,0.72,0.52,0.19575849
0.75,0.76,0.52,0.21035106
0.75,0.8,0.52,0.2257687
0.75,0.84,0.52,0.24207312
0.75,0.88,0.52,0.2593661
0.75,0.92,0.52,0.27769274
0.75,0.96,0.52,0.2970162
0.75,1.0,0.52,0.31737363
0.75,0.0,0.56,0.025434766
0.75,0.04,0.56,0.032285962
0.75,0.08,0.56,0.039256524
0.75,0.12,0.56,0.046350848
0.75,0.16,0.56,0.053574253
0.75,0.2,0.56,0.060976546
0.75,0.24,0.56,0.06865162
0.75,0.28,0.56,0.07661857
0.75,0.32,0.56,0.08493684
0.75,0.36,0.56,0.09364858
0.75,0.4,0.56,0.1027828
0.75,0.44,0.56,0.112369835
0.75,0.48,0.56,0.12245469
0.75,0.52,0.56,0.1330735
0.75,0.56,0.56,0.1442597
0.75,0.6,0.56,0.15604809
0.75,0.64,0.56,0.16847645
0.75,0.68,0.56,0.18158609
0.75,0.72,0.56,0.19542061
0.75,0.76,0.56,0.2100273
0.75,0.8,0.56,0.2254568
0.75,0.84,0.56,0.24176994
0.75,0.88,0.56,0.25906727
0.75,0.92,0.56,0.27737802
0.75,0.96,0.56,0.2966727
0.75,1.0,0.56,0.31699327
0.75,0.0,0.6,0.024411071
0.75,0.04,0.6,0.03132451
0.75,0.08,0.6,0.038359065
0.75,0.12,0.6,0.04551897
0.75,0.16,0.6,0.05280951
0.75,0.2,0.6,0.060266163
0.75,0.24,0.6,0.067991704
0.75,0.28,0.6,0.076005355
0.75,0.32,0.6,0.08435832
0.75,0.36,0.6,0.09310359
0.75,0.4,0.6,0.10227005
0.75,0.44,0.6,0.11188784
0.75,0.48,0.6,0.121999115
0.75,0.52,0.6,0.13264373
0.75,0.56,0.6,0.14385341
0.75,0.6,0.6,0.155664
0.75,0.64,0.6,0.16811334
0.75,0.68,0.6,0.18124215
0.75,0.72,0.6,0.19509389
0.75,0.76,0.6,0.20971584
0.75,0.8,0.6,0.22515905
0.75,0.84,0.6,0.24148285
0.75,0.88,0.6,0.2587864
0.75,0.92,0.6,0.2770791
0.75,0.96,0.6,0.29634684
0.75,1.0,0.6,0.31663293
0.75,0.0,0.64,0.023381349
0.75,0.04,0.64,0.03035679
0.75,0.08,0.64,0.037454728
0.75,0.12,0.64,0.044679943
0.75,0.16,0.64,0.052037586
0.75,0.2,0.64,0.059555274
0.75,0.24,0.64,0.0673306
0.75,0.28,0.64,0.07539618
0.75,0.32,0.64,0.08378525
0.75,0.36,0.64,0.09256451
0.75,0.4,0.64,0.10176365
0.75,0.44,0.64,0.11141275
0.75,0.48,0.64,0.121551424
0.75,0.52,0.64,0.1322217
0.75,0.56,0.64,0.14345616
0.75,0.6,0.64,0.15528993
0.75,0.64,0.64,0.16776092
0.75,0.68,0.64,0.18090956
0.75,0.72,0.64,0.19477962
0.75,0.76,0.64,0.20941854
0.75,0.8,0.64,0.22487704
0.75,0.84,0.64,0.24121296
0.75,0.88,0.64,0.25852334
0.75,0.92,0.64,0.2767979
0.75,0.96,0.64,0.29604048
0.75,1.0,0.64,0.31629407
0.75,0.0,0.68,0.02234818
0.75,0.04,0.68,0.029384848
0.75,0.08,0.68,0.036545787
0.75,0.12,0.68,0.043835882
0.75,0.16,0.68,0.051261183
0.75,0.2,0.68,0.058845986
0.75,0.24,0.68,0.0666707
0.75,0.28,0.68,0.07478772
0.75,0.32,0.68,0.083219975
0.75,0.36,0.68,0.09203336
0.75,0.4,0.68,0.10126555
0.75,0.44,0.68,0.11094636
0.75,0.48,0.68,0.12111327
0.75,0.52,0.68,0.13180996
0.75,0.56,0.68,0.14306964
0.75,0.6,0.68,0.1549272
0.75,0.64,0.68,0.16742064
0.75,0.68,0.68,0.18059066
0.75,0.72,0.68,0.19448034
0.75,0.76,0.68,0.2091374
0.75,0.8,0.68,0.22461198
0.75,0.84,0.68,0.24096219
0.75,0.88,0.68,0.258277
0.75,0.92,0.68,0.2765352
0.75,0.96,0.68,0.29575455
0.75,1.0,0.68,0.315978
0.75,0.0,0.72,0.021312602
0.75,0.04,0.72,0.028410513
0.75,0.08,0.72,0.03563412
0.75,0.12,0.72,0.04298811
0.75,0.16,0.72,0.05048209
0.75,0.2,0.72,0.058138844
0.75,0.24,0.72,0.066013575
0.75,0.28,0.72,0.07418209
0.75,0.32,0.72,0.0826634
0.75,0.36,0.72,0.09151183
0.75,0.4,0.72,0.10077761
0.75,0.44,0.72,0.11049056
0.75,0.48,0.72,0.120686576
0.75,0.52,0.72,0.13141063
0.75,0.56,0.72,0.1426962
0.75,0.6,0.72,0.15457828
0.75,0.64,0.72,0.16709529
0.75,0.68,0.72,0.1802869
0.75,0.72,0.72,0.19419737
0.75,0.76,0.72,0.20887335
0.75,0.8,0.72,0.22436574
0.75,0.84,0.72,0.24073151
0.75,0.88,0.72,0.25804907
0.75,0.92,0.72,0.27629247
0.75,0.96,0.72,0.29549047
0.75,1.0,0.72,0.31568545
0.75,0.0,0.76,0.020276792
0.75,0.04,0.76,0.027435359
0.75,0.08,0.76,0.034721438
0.75,0.12,0.76,0.042139474
0.75,0.16,0.76,0.049701992
0.75,0.2,0.76,0.057431255
0.75,0.24,0.76,0.065361425
0.75,0.28,0.76,0.073580965
0.75,0.32,0.76,0.08211666
0.75,0.36,0.76,0.09100175
0.75,0.4,0.76,0.1003014
0.75,0.44,0.76,0.11004746
0.75,0.48,0.76,0.120273605
0.75,0.52,0.76,0.13102525
0.75,0.56,0.76,0.14233793
0.75,0.6,0.76,0.15424584
0.75,0.64,0.76,0.16678683
0.75,0.68,0.76,0.18000157
0.75,0.72,0.76,0.19393392
0.75,0.76,0.76,0.20862997
0.75,0.8,0.76,0.22414123
0.75,0.84,0.76,0.24052401
0.75,0.88,0.76,0.25784168
0.75,0.92,0.76,0.27607155
0.75,0.96,0.76,0.29524946
0.75,1.0,0.76,0.31541806
0.75,0.0,0.8,0.019242253
0.75,0.04,0.8,0.026461389
0.75,0.08,0.8,0.03380904
0.75,0.12,0.8,0.041291628
0.75,0.16,0.8,0.048923526
0.75,0.2,0.8,0.056724768
0.75,0.24,0.8,0.06471591
0.75,0.28,0.8,0.072986275
0.75,0.32,0.8,0.08157615
0.75,0.36,0.8,0.09050508
0.75,0.4,0.8,0.099839404
0.75,0.44,0.8,0.109618604
0.75,0.48,0.8,0.11987598
0.75,0.52,0.8,0.1306564
0.75,0.56,0.8,0.14199625
0.75,0.6,0.8,0.15393075
0.75,0.64,0.8,0.16649725
0.75,0.68,0.8,0.17973624
0.75,0.72,0.8,0.19369163
0.75,0.76,0.8,0.20840949
0.75,0.8,0.8,0.223941
0.75,0.84,0.8,0.2403428
0.75,0.88,0.8,0.2576588
0.75,0.92,0.8,0.27587655
0.75,0.96,0.8,0.29503608
0.75,1.0,0.8,0.31517887
0.75,0.0,0.84,0.018210642
0.75,0.04,0.84,0.025489684
0.75,0.08,0.84,0.03289902
0.75,0.12,0.84,0.04044644
0.75,0.16,0.84,0.04814754
0.75,0.2,0.84,0.056020495
0.75,0.24,0.84,0.06407867
0.75,0.28,0.84,0.0723995
0.75,0.32,0.84,0.0810433
0.75,0.36,0.84,0.09002344
0.75,0.4,0.84,0.0993925
0.75,0.44,0.84,0.10920595
0.75,0.48,0.84,0.11949538
0.75,0.52,0.84,0.13030502
0.75,0.56,0.84,0.14167348
0.75,0.6,0.84,0.15363549
0.75,0.64,0.84,0.1662283
0.75,0.68,0.84,0.17949295
0.75,0.72,0.84,0.19347262
0.75,0.76,0.84,0.20821398
0.75,0.8,0.84,0.22376733
0.75,0.84,0.84,0.24018921
0.75,0.88,0.84,0.25750184
0.75,0.92,0.84,0.27570975
0.75,0.96,0.84,0.29485273
0.75,1.0,0.84,0.31497225
0.75,0.0,0.88,0.017183024
0.75,0.04,0.88,0.024522085
0.75,0.08,0.88,0.031993125
0.75,0.12,0.88,0.039605033
0.75,0.16,0.88,0.047375564
0.75,0.2,0.88,0.05532026
0.75,0.24,0.88,0.06345071
0.75,0.28,0.88,0.07182275
0.75,0.32,0.88,0.08051993
0.75,0.36,0.88,0.08955616
0.75,0.4,0.88,0.09896287
0.75,0.44,0.88,0.10881075
0.75,0.48,0.88,0.11913359
0.75,0.52,0.88,0.12997338
0.75,0.56,0.88,0.14137106
0.75,0.6,0.88,0.15336134
0.75,0.64,0.88,0.16598177
0.75,0.68,0.88,0.17927311
0.75,0.72,0.88,0.19327818
0.75,0.76,0.88,0.20804426
0.75,0.8,0.88,0.22362122
0.75,0.84,0.88,0.24006207
0.75,0.88,0.88,0.25737306
0.75,0.92,0.88,0.27557266
0.75,0.96,0.88,0.29470134
0.75,1.0,0.88,0.31479982
0.75,0.0,0.92,0.016160838
0.75,0.04,0.92,0.023559842
0.75,0.08,0.92,0.031092923
0.75,0.12,0.92,0.03876959
0.75,0.16,0.92,0.046609033
0.75,0.2,0.92,0.054625254
0.75,0.24,0.92,0.06282884
0.75,0.28,0.92,0.07125738
0.75,0.32,0.92,0.08000772
0.75,0.36,0.92,0.08909987
0.75,0.4,0.92,0.09855209
0.75,0.44,0.92,0.108434856
0.75,0.48,0.92,0.118792236
0.75,0.52,0.92,0.12966293
0.75,0.56,0.92,0.14109057
0.75,0.6,0.92,0.15311022
0.75,0.64,0.92,0.16575947
0.75,0.68,0.92,0.17907836
0.75,0.72,0.92,0.19311026
0.75,0.76,0.92,0.20790221
0.75,0.8,0.92,0.22350456
0.75,0.84,0.92,0.23996261
0.75,0.88,0.92,0.25727302
0.75,0.92,0.92,0.27546668
0.75,0.96,0.92,0.294583
0.75,1.0,0.92,0.3146626
0.75,0.0,0.96,0.015145946
0.75,0.04,0.96,0.022604514
0.75,0.08,0.96,0.030199569
0.75,0.12,0.96,0.037940893
0.75,0.16,0.96,0.04584984
0.75,0.2,0.96,0.05393715
0.75,0.24,0.96,0.062213797
0.75,0.28,0.96,0.07070479
0.75,0.32,0.96,0.07950817
0.75,0.36,0.96,0.08865571
0.75,0.4,0.96,0.09816186
0.75,0.44,0.96,0.10808015
0.75,0.48,0.96,0.11847228
0.75,0.52,0.96,0.12937528
0.75,0.56,0.96,0.14083369
0.75,0.6,0.96,0.15288389
0.75,0.64,0.96,0.16556244
0.75,0.68,0.96,0.1789104
0.75,0.72,0.96,0.19297059
0.75,0.76,0.96,0.20779005
0.75,0.8,0.96,0.22341874
0.75,0.84,0.96,0.23989192
0.75,0.88,0.96,0.257204
0.75,0.92,0.96,0.27539343
0.75,0.96,0.96,0.29449916
0.75,1.0,0.96,0.31456196
0.75,0.0,1.0,0.014138974
0.75,0.04,1.0,0.02165709
0.75,0.08,1.0,0.029314045
0.75,0.12,1.0,0.0371213
0.75,0.16,1.0,0.045098986
0.75,0.2,1.0,0.05325743
0.75,0.24,1.0,0.061606955
0.75,0.28,1.0,0.07016669
0.75,0.32,1.0,0.079022706
0.75,0.36,1.0,0.08822587
0.75,0.4,1.0,0.09779039
0.75,0.44,1.0,0.1077479
0.75,0.48,1.0,0.11817573
0.75,0.52,1.0,0.1291118
0.75,0.56,1.0,0.14060222
0.75,0.6,1.0,0.1526832
0.75,0.64,1.0,0.16539267
0.75,0.68,1.0,0.17877063
0.75,0.72,1.0,0.1928602
0.75,0.76,1.0,0.20770867
0.75,0.8,1.0,0.22336577
0.75,0.84,1.0,0.23985156
0.75,0.88,1.0,0.25716686
0.75,0.92,1.0,0.2753538
0.75,0.96,1.0,0.29445112
0.75,1.0,1.0,0.31449914
1.0,0.0,0.0,0.050206725
1.0,0.04,0.0,0.057398926
1.0,0.08,0.0,0.06473656
1.0,0.12,0.0,0.072276905
1.0,0.16,0.0,0.080065995
1.0,0.2,0.0,0.08813864
1.0,0.24,0.0,0.096511334
1.0,0.28,0.0,0.1052002
1.0,0.32,0.0,0.114223346
1.0,0.36,0.0,0.123600766
1.0,0.4,0.0,0.13335234
1.0,0.44,0.0,0.143499
1.0,0.48,0.0,0.15406603
1.0,0.52,0.0,0.1650842
1.0,0.56,0.0,0.17660148
1.0,0.6,0.0,0.18865052
1.0,0.64,0.0,0.2012676
1.0,0.68,0.0,0.21449715
1.0,0.72,0.0,0.22838865
1.0,0.76,0.0,0.24301124
1.0,0.8,0.0,0.25840983
1.0,0.84,0.0,0.27462882
1.0,0.88,0.0,0.29170918
1.0,0.92,0.0,0.30959493
1.0,0.96,0.0,0.32812843
1.0,1.0,0.0,0.3473065
1.0,0.0,0.04,0.049273174
1.0,0.04,0.04,0.056522895
1.0,0.08,0.04,0.06389624
1.0,0.12,0.04,0.07146844
1.0,0.16,0.04,0.07926957
1.0,0.2,0.04,0.087350726
1.0,0.24,0.04,0.09572838
1.0,0.28,0.04,0.104419515
1.0,0.32,0.04,0.11344223
1.0,0.36,0.04,0.122815475
1.0,0.4,0.04,0.13255988
1.0,0.44,0.04,0.1426969
1.0,0.48,0.04,0.15325311
1.0,0.52,0.04,0.16426425
1.0,0.56,0.04,0.17577374
1.0,0.6,0.04,0.18781187
1.0,0.64,0.04,0.20041497
1.0,0.68,0.04,0.21363358
1.0,0.72,0.04,0.22750911
1.0,0.76,0.04,0.2421087
1.0,0.8,0.04,0.25747955
1.0,0.84,0.04,0.27366704
1.0,0.88,0.04,0.2907183
1.0,0.92,0.04,0.30863366
1.0,0.96,0.04,0.32722232
1.0,1.0,0.04,0.3464555
1.0,0.0,0.08,0.048319135
1.0,0.04,0.08,0.055624615
1.0,0.08,0.08,0.06303871
1.0,0.12,0.08,0.0706435
1.0,0.16,0.08,0.07846296
1.0,0.2,0.08,0.08655262
1.0,0.24,0.08,0.09493624
1.0,0.28,0.08,0.10363084
1.0,0.32,0.08,0.112653494
1.0,0.36,0.08,0.12202373
1.0,0.4,0.08,0.13176225
1.0,0.44,0.08,0.14189233
1.0,0.48,0.08,0.1524397
1.0,0.52,0.08,0.16344711
1.0,0.56,0.08,0.17494993
1.0,0.6,0.08,0.18697867
1.0,0.64,0.08,0.19957463
1.0,0.68,0.08,0.2127859
1.0,0.72,0.08,0.22664833
1.0,0.76,0.08,0.24122599
1.0,0.8,0.08,0.25657198
1.0,0.84,0.08,0.27272946
1.0,0.88,0.08,0.28974634
1.0,0.92,0.08,0.3076635
1.0,0.96,0.08,0.32630587
1.0,1.0,0.08,0.3455925
1.0,0.0,0.12,0.047345523
1.0,0.04,0.12,0.05470563
1.0,0.08,0.12,0.062165994
1.0,0.12,0.12,0.0698023
1.0,0.16,0.12,0.07764709
1.0,0.2,0.12,0.08574633
1.0,0.24,0.12,0.09413655
1.0,0.28,0.12,0.10283488
1.0,0.32,0.12,0.111858755
1.0,0.36,0.12,0.121227235
1.0,0.4,0.12,0.13096096
1.0,0.44,0.12,0.1410857
1.0,0.48,0.12,0.15162857
1.0,0.52,0.12,0.16263352
1.0,0.56,0.12,0.17413104
1.0,0.6,0.12,0.18615662
1.0,0.64,0.12,0.19874963
1.0,0.68,0.12,0.21195501
1.0,0.72,0.12,0.22580712
1.0,0.76,0.12,0.240365
1.0,0.8,0.12,0.25568748
1.0,0.84,0.12,0.27181706
1.0,0.88,0.12,0.28880158
1.0,0.92,0.12,0.3066926
1.0,0.96,0.12,0.32538307
1.0,1.0,0.12,0.34472212
1.0,0.0,0.16,0.04635374
1.0,0.04,0.16,0.053767506
1.0,0.08,0.16,0.06127962
1.0,0.12,0.16,0.06894669
1.0,0.16,0.16,0.076822415
1.0,0.2,0.16,0.08493258
1.0,0.24,0.16,0.09333035
1.0,0.28,0.16,0.10203332
1.0,0.32,0.16,0.11105904
1.0,0.36,0.16,0.12042631
1.0,0.4,0.16,0.13015793
1.0,0.44,0.16,0.14027824
1.0,0.48,0.16,0.15082043
1.0,0.52,0.16,0.16182405
1.0,0.56,0.16,0.17332275
1.0,0.6,0.16,0.18534994
1.0,0.64,0.16,0.19794142
1.0,0.68,0.16,0.21114185
1.0,0.72,0.16,0.22498614
1.0,0.76,0.16,0.23952599
1.0,0.8,0.16,0.2548266
1.0,0.84,0.16,0.27093112
1.0,0.88,0.16,0.2878858
1.0,0.92,0.16,0.30574214
1.0,0.96,0.16,0.3244584
1.0,1.0,0.16,0.34384745
1.0,0.0,0.2,0.04534516
1.0,0.04,0.2,0.052811805
1.0,0.08,0.2,0.060378183
1.0,0.12,0.2,0.068077594
1.0,0.16,0.2,0.075984865
1.0,0.2,0.2,0.08411294
1.0,0.24,0.2,0.09251852
1.0,0.28,0.2,0.10122673
1.0,0.32,0.2,0.110255495
1.0,0.36,0.2,0.11962299
1.0,0.4,0.2,0.12935388
1.0,0.44,0.2,0.1394718
1.0,0.48,0.2,0.15001644
1.0,0.52,0.2,0.16102555
1.0,0.56,0.2,0.17252992
1.0,0.6,0.2,0.18455958
1.0,0.64,0.2,0.19715092
1.0,0.68,0.2,0.21034789
1.0,0.72,0.2,0.22418506
1.0,0.76,0.2,0.23871012
1.0,0.8,0.2,0.25399047
1.0,0.84,0.2,0.2700716
1.0,0.88,0.2,0.2869988
1.0,0.92,0.2,0.30482328
1.0,0.96,0.2,0.32354295
1.0,1.0,0.2,0.34297287
1.0,0.0,0.24,0.044321436
1.0,0.04,0.24,0.051839676
1.0,0.08,0.24,0.059459258
1.0,0.12,0.24,0.06719731
1.0,0.16,0.24,0.0751352
1.0,0.2,0.24,0.08328837
1.0,0.24,0.24,0.091702685
1.0,0.28,0.24,0.10041712
1.0,0.32,0.24,0.109449
1.0,0.36,0.24,0.11881845
1.0,0.4,0.24,0.12855005
1.0,0.44,0.24,0.13867013
1.0,0.48,0.24,0.14922503
1.0,0.52,0.24,0.16024324
1.0,0.56,0.24,0.17175376
1.0,0.6,0.24,0.1837872
1.0,0.64,0.24,0.19637883
1.0,0.68,0.24,0.20957325
1.0,0.72,0.24,0.2234052
1.0,0.76,0.24,0.23791766
1.0,0.8,0.24,0.25317988
1.0,0.84,0.24,0.2692393
1.0,0.88,0.24,0.2861415
1.0,0.92,0.24,0.30393696
1.0,0.96,0.24,0.3226449
1.0,1.0,0.24,0.34210443
1.0,0.0,0.28,0.04328351
1.0,0.04,0.28,0.05085278
1.0,0.08,0.28,0.058524955
1.0,0.12,0.28,0.066306815
1.0,0.16,0.28,0.07427463
1.0,0.2,0.28,0.08245881
1.0,0.24,0.28,0.09088358
1.0,0.28,0.28,0.099604905
1.0,0.32,0.28,0.1086413
1.0,0.36,0.28,0.11801417
1.0,0.4,0.28,0.12774977
1.0,0.44,0.28,0.13788266
1.0,0.48,0.28,0.14844944
1.0,0.52,0.28,0.15947722
1.0,0.56,0.28,0.17099512
1.0,0.6,0.28,0.18303333
1.0,0.64,0.28,0.19562659
1.0,0.68,0.28,0.20881957
1.0,0.72,0.28,0.22264725
1.0,0.76,0.28,0.23714963
1.0,0.8,0.28,0.25239578
1.0,0.84,0.28,0.26843515
1.0,0.88,0.28,0.28531432
1.0,0.92,0.28,0.30308288
1.0,0.96,0.28,0.32177377
1.0,1.0,0.28,0.3412506
1.0,0.0,0.32,0.042232964
1.0,0.04,0.32,0.049852375
1.0,0.08,0.32,0.057576258
1.0,0.12,0.32,0.065407634
1.0,0.16,0.32,0.07340482
1.0,0.2,0.32,0.081619784
1.0,0.24,0.32,0.09006286
1.0,0.28,0.32,0.098791674
1.0,0.32,0.32,0.10783477
1.0,0.36,0.32,0.11721727
1.0,0.4,0.32,0.12696394
1.0,0.44,0.32,0.13711159
1.0,0.48,0.32,0.1476911
1.0,0.52,0.32,0.15872946
1.0,0.56,0.32,0.17025523
1.0,0.6,0.32,0.18229885
1.0,0.64,0.32,0.19489482
1.0,0.68,0.32,0.2080874
1.0,0.72,0.32,0.22191212
1.0,0.76,0.32,0.23640701
1.0,0.8,0.32,0.25163874
1.0,0.84,0.32,0.26765996
1.0,0.88,0.32,0.2845183
1.0,0.92,0.32,0.30226237
1.0,0.96,0.32,0.32093433
1.0,1.0,0.32,0.34041816
1.0,0.0,0.36,0.04117055
1.0,0.04,0.36,0.048840206
1.0,0.08,0.36,0.05661493
1.0,0.12,0.36,0.064498916
1.0,0.16,0.36,0.07252738
1.0,0.2,0.36,0.08077276
1.0,0.24,0.36,0.08924252
1.0,0.28,0.36,0.09798384
1.0,0.32,0.36,0.107039735
1.0,0.36,0.36,0.116435155
1.0,0.4,0.36,0.12619513
1.0,0.44,0.36,0.13635837
1.0,0.48,0.36,0.14695098
1.0,0.52,0.36,0.15800028
1.0,0.56,0.36,0.16953504
1.0,0.6,0.36,0.18158527
1.0,0.64,0.36,0.19418508
1.0,0.68,0.36,0.20737821
1.0,0.72,0.36,0.22120106
1.0,0.76,0.36,0.23568979
1.0,0.8,0.36,0.25090927
1.0,0.84,0.36,0.26691478
1.0,0.88,0.36,0.28375363
1.0,0.92,0.36,0.30147576
1.0,0.96,0.36,0.32012773
1.0,1.0,0.36,0.33960986
1.0,0.0,0.4,0.040097613
1.0,0.04,0.4,0.0478169
1.0,0.08,0.4,0.055642057
1.0,0.12,0.4,0.06357832
1.0,0.16,0.4,0.07164557
1.0,0.2,0.4,0.0799253
1.0,0.24,0.4,0.088431835
1.0,0.28,0.4,0.09719011
1.0,0.32,0.4,0.10626003
1.0,0.36,0.4,0.1156681
1.0,0.4,0.4,0.1254449
1.0,0.44,0.4,0.13562375
1.0,0.48,0.4,0.14623013
1.0,0.52,0.4,0.1572913
1.0,0.56,0.4,0.1688359
1.0,0.6,0.4,0.1808933
1.0,0.64,0.4,0.19349755
1.0,0.68,0.4,0.20669262
1.0,0.72,0.4,0.22051471
1.0,0.76,0.4,0.23499969
1.0,0.8,0.4,0.25020847
1.0,0.84,0.4,0.2662
1.0,0.88,0.4,0.28302133
1.0,0.92,0.4,0.30072314
1.0,0.96,0.4,0.3193555
1.0,1.0,0.4,0.33883262
1.0,0.0,0.44,0.03901496
1.0,0.04,0.44,0.04678486
1.0,0.08,0.44,0.05466306
1.0,0.12,0.44,0.062656
1.0,0.16,0.44,0.07077147
1.0,0.2,0.44,0.079086155
1.0,0.24,0.44,0.08763005
1.0,0.28,0.44,0.096412495
1.0,0.32,0.44,0.10549675
1.0,0.36,0.44,0.114919364
1.0,0.4,0.44,0.12471421
1.0,0.44,0.44,0.13490936
1.0,0.48,0.44,0.1455302
1.0,0.52,0.44,0.15660353
1.0,0.56,0.44,0.16815804
1.0,0.6,0.44,0.18022399
1.0,0.64,0.44,0.19283377
1.0,0.68,0.44,0.2060317
1.0,0.72,0.44,0.21985407
1.0,0.76,0.44,0.23433703
1.0,0.8,0.44,0.2495371
1.0,0.84,0.44,0.26551628
1.0,0.88,0.44,0.2823221
1.0,0.92,0.44,0.30000567
1.0,0.96,0.44,0.31861857
1.0,1.0,0.44,0.33809012
1.0,0.0,0.48,0.03793024
1.0,0.04,0.48,0.04575484
1.0,0.08,0.48,0.05368894
1.0,0.12,0.48,0.061738346
1.0,0.16,0.48,0.069907755
1.0,0.2,0.48,0.07825744
1.0,0.24,0.48,0.08683719
1.0,0.28,0.48,0.09565219
1.0,0.32,0.48,0.10475162
1.0,0.36,0.48,0.114190966
1.0,0.4,0.48,0.124004126
1.0,0.44,0.48,0.13421574
1.0,0.48,0.48,0.14485145
1.0,0.52,0.48,0.15593778
1.0,0.56,0.48,0.16750368
1.0,0.6,0.48,0.17957857
1.0,0.64,0.48,0.19219463
1.0,0.68,0.48,0.20539626
1.0,0.72,0.48,0.21922019
1.0,0.76,0.48,0.23370239
1.0,0.8,0.48,0.24889553
1.0,0.84,0.48,0.26486433
1.0,0.88,0.48,0.2816565
1.0,0.92,0.48,0.29932383
1.0,0.96,0.48,0.31791776
1.0,1.0,0.48,0.33738416
1.0,0.0,0.52,0.03685263
1.0,0.04,0.52,0.04473185
1.0,0.08,0.52,0.052721467
1.0,0.12,0.52,0.06082711
1.0,0.16,0.52,0.06905404
1.0,0.2,0.52,0.07743977
1.0,0.24,0.52,0.086055726
1.0,0.28,0.52,0.09490815
1.0,0.32,0.52,0.10402557
1.0,0.36,0.52,0.11348413
1.0,0.4,0.52,0.12331569
1.0,0.44,0.52,0.13354445
1.0,0.48,0.52,0.14419524
1.0,0.52,0.52,0.15529531
1.0,0.56,0.52,0.16687258
1.0,0.6,0.52,0.17895739
1.0,0.64,0.52,0.19158125
1.0,0.68,0.52,0.20478721
1.0,0.72,0.52,0.21861365
1.0,0.76,0.52,0.23309633
1.0,0.8,0.52,0.24828441
1.0,0.84,0.52,0.2642451
1.0,0.88,0.52,0.28102565
1.0,0.92,0.52,0.29867834
1.0,0.96,0.52,0.317255
1.0,1.0,0.52,0.33671528
1.0,0.0,0.56,0.035783593
1.0,0.04,0.56,0.043716628
1.0,0.08,0.56,0.05176181
1.0,0.12,0.56,0.059923124
1.0,0.16,0.56,0.06820764
1.0,0.2,0.56,0.0766353
1.0,0.24,0.56,0.08528668
1.0,0.28,0.56,0.094176605
1.0,0.32,0.56,0.10332106
1.0,0.36,0.56,0.11279936
1.0,0.4,0.56,0.12265006
1.0,0.44,0.56,0.13289611
1.0,0.48,0.56,0.14356266
1.0,0.52,0.56,0.15467694
1.0,0.56,0.56,0.16626652
1.0,0.6,0.56,0.17836179
1.0,0.64,0.56,0.19099446
1.0,0.68,0.56,0.20420602
1.0,0.72,0.56,0.21803603
1.0,0.76,0.56,0.23251978
1.0,0.8,0.56,0.247705
1.0,0.84,0.56,0.26365897
1.0,0.88,0.56,0.28043002
1.0,0.92,0.56,0.29806945
1.0,0.96,0.56,0.31663135
1.0,1.0,0.56,0.33608562
1.0,0.0,0.6,0.03472429
1.0,0.04,0.6,0.042710897
1.0,0.08,0.6,0.05081107
1.0,0.12,0.6,0.05902836
1.0,0.16,0.6,0.06736973
1.0,0.2,0.6,0.07584505
1.0,0.24,0.6,0.08453186
1.0,0.28,0.6,0.09345886
1.0,0.32,0.6,0.10264039
1.0,0.36,0.6,0.11213887
1.0,0.4,0.6,0.12200834
1.0,0.44,0.6,0.13227203
1.0,0.48,0.6,0.14295517
1.0,0.52,0.6,0.15408352
1.0,0.56,0.6,0.16568644
1.0,0.6,0.6,0.17779303
1.0,0.64,0.6,0.19043526
1.0,0.68,0.6,0.20365283
1.0,0.72,0.6,0.21748735
1.0,0.76,0.6,0.23197399
1.0,0.8,0.6,0.24715778
1.0,0.84,0.6,0.26310658
1.0,0.88,0.6,0.27987003
1.0,0.92,0.6,0.29749858
1.0,0.96,0.6,0.3160473
1.0,1.0,0.6,0.33549505
1.0,0.0,0.64,0.03367595
1.0,0.04,0.64,0.04171593
1.0,0.08,0.64,0.04987068
1.0,0.12,0.64,0.058143567
1.0,0.16,0.64,0.06654146
1.0,0.2,0.64,0.075070485
1.0,0.24,0.64,0.08379203
1.0,0.28,0.64,0.09275587
1.0,0.32,0.64,0.101981
1.0,0.36,0.64,0.11150287
1.0,0.4,0.64,0.121391505
1.0,0.44,0.64,0.13167325
1.0,0.48,0.64,0.14237264
1.0,0.52,0.64,0.15351635
1.0,0.56,0.64,0.16513284
1.0,0.6,0.64,0.1772516
1.0,0.64,0.64,0.18990438
1.0,0.68,0.64,0.20312926
1.0,0.72,0.64,0.2169692
1.0,0.76,0.64,0.23145935
1.0,0.8,0.64,0.24664329
1.0,0.84,0.64,0.26258907
1.0,0.88,0.64,0.27934617
1.0,0.92,0.64,0.29696643
1.0,0.96,0.64,0.31550324
1.0,1.0,0.64,0.3349449
1.0,0.0,0.68,0.03264009
1.0,0.04,0.68,0.040732678
1.0,0.08,0.68,0.048941474
1.0,0.12,0.68,0.05727033
1.0,0.16,0.68,0.06572427
1.0,0.2,0.68,0.07431117
1.0,0.24,0.68,0.08306901
1.0,0.28,0.68,0.09207019
1.0,0.32,0.68,0.10133891
1.0,0.36,0.68,0.11089277
1.0,0.4,0.68,0.12080078
1.0,0.44,0.68,0.1311005
1.0,0.48,0.68,0.14181715
1.0,0.52,0.68,0.15297653
1.0,0.56,0.68,0.16460723
1.0,0.6,0.68,0.1767386
1.0,0.64,0.68,0.18940271
1.0,0.68,0.68,0.20263597
1.0,0.72,0.68,0.21648212
1.0,0.76,0.68,0.23097692
1.0,0.8,0.68,0.24616267
1.0,0.84,0.68,0.2621065
1.0,0.88,0.68,0.27885947
1.0,0.92,0.68,0.2964725
1.0,0.96,0.68,0.31499982
1.0,1.0,0.68,0.33443582
1.0,0.0,0.72,0.031617444
1.0,0.04,0.72,0.039762434
1.0,0.08,0.72,0.048025172
1.0,0.12,0.72,0.056409214
1.0,0.16,0.72,0.06491968
1.0,0.2,0.72,0.073563784
1.0,0.24,0.72,0.0823635
1.0,0.28,0.72,0.09140344
1.0,0.32,0.72,0.10071528
1.0,0.36,0.72,0.110309646
1.0,0.4,0.72,0.120236665
1.0,0.44,0.72,0.13055514
1.0,0.48,0.72,0.14128907
1.0,0.52,0.72,0.15246478
1.0,0.56,0.72,0.1641101
1.0,0.6,0.72,0.17625509
1.0,0.64,0.72,0.18893102
1.0,0.68,0.72,0.20217358
1.0,0.72,0.72,0.21602707
1.0,0.76,0.72,0.23052756
1.0,0.8,0.72,0.2457163
1.0,0.84,0.72,0.26165965
1.0,0.88,0.72,0.27841038
1.0,0.92,0.72,0.29601824
1.0,0.96,0.72,0.31453803
1.0,1.0,0.72,0.33396876
1.0,0.0,0.76,0.03060994
1.0,0.04,0.76,0.03880659
1.0,0.08,0.76,0.04712258
1.0,0.12,0.76,0.055561524
1.0,0.16,0.76,0.06412801
1.0,0.2,0.76,0.072829396
1.0,0.24,0.76,0.081677034
1.0,0.28,0.76,0.09075685
1.0,0.32,0.76,0.100111246
1.0,0.36,0.76,0.10975009
1.0,0.4,0.76,0.11970082
1.0,0.44,0.76,0.13003767
1.0,0.48,0.76,0.1407893
1.0,0.52,0.76,0.15198177
1.0,0.56,0.76,0.1636426
1.0,0.6,0.76,0.1758017
1.0,0.64,0.76,0.18849039
1.0,0.68,0.76,0.2017434
1.0,0.72,0.76,0.21560477
1.0,0.76,0.76,0.23011199
1.0,0.8,0.76,0.24530528
1.0,0.84,0.76,0.26124996
1.0,0.88,0.76,0.27799955
1.0,0.92,0.76,0.29560432
1.0,0.96,0.76,0.3141183
1.0,1.0,0.76,0.3335442
1.0,0.0,0.8,0.02962071
1.0,0.04,0.8,0.03786863
1.0,0.08,0.8,0.046237048
1.0,0.12,0.8,0.054730106
1.0,0.16,0.8,0.06335212
1.0,0.2,0.8,0.07210964
1.0,0.24,0.8,0.08101161
1.0,0.28,0.8,0.09013133
1.0,0.32,0.8,0.09952742
1.0,0.36,0.8,0.10921076
1.0,0.4,0.8,0.119193986
1.0,0.44,0.8,0.12954955
1.0,0.48,0.8,0.14031926
1.0,0.52,0.8,0.1515285
1.0,0.56,0.8,0.16320553
1.0,0.6,0.8,0.17537925
1.0,0.64,0.8,0.18808141
1.0,0.68,0.8,0.20134576
1.0,0.72,0.8,0.2152161
1.0,0.76,0.8,0.22973095
1.0,0.8,0.8,0.24492979
1.0,0.84,0.8,0.26087743
1.0,0.88,0.8,0.27762777
1.0,0.92,0.8,0.29523078
1.0,0.96,0.8,0.3137408
1.0,1.0,0.8,0.33316267
1.0,0.0,0.84,0.028650958
1.0,0.04,0.84,0.036949914
1.0,0.08,0.84,0.045370642
1.0,0.12,0.84,0.053917404
1.0,0.16,0.84,0.06259456
1.0,0.2,0.84,0.07140796
1.0,0.24,0.84,0.08036995
1.0,0.28,0.84,0.08952935
1.0,0.32,0.84,0.098966435
1.0,0.36,0.84,0.108692616
1.0,0.4,0.84,0.11871739
1.0,0.44,0.84,0.12909186
1.0,0.48,0.84,0.13987967
1.0,0.52,0.84,0.15110645
1.0,0.56,0.84,0.1627998
1.0,0.6,0.84,0.1749887
1.0,0.64,0.84,0.18770517
1.0,0.68,0.84,0.20098223
1.0,0.72,0.84,0.21486223
1.0,0.76,0.84,0.22938545
1.0,0.8,0.84,0.24459107
1.0,0.84,0.84,0.2605429
1.0,0.88,0.84,0.27729523
1.0,0.92,0.84,0.2948987
1.0,0.96,0.84,0.3134067
1.0,1.0,0.84,0.33282515
1.0,0.0,0.88,0.02770165
1.0,0.04,0.88,0.036051486
1.0,0.08,0.88,0.044524577
1.0,0.12,0.88,0.053124916
1.0,0.16,0.88,0.061856914
1.0,0.2,0.88,0.0707265
1.0,0.24,0.88,0.07974881
1.0,0.28,0.88,0.088954255
1.0,0.32,0.88,0.0984309
1.0,0.36,0.88,0.10819945
1.0,0.4,0.88,0.11826907
1.0,0.44,0.88,0.12866677
1.0,0.48,0.88,0.13947228
1.0,0.52,0.88,0.15071622
1.0,0.56,0.88,0.16242607
1.0,0.6,0.88,0.1746312
1.0,0.64,0.88,0.18736249
1.0,0.68,0.88,0.2006531
1.0,0.72,0.88,0.21454331
1.0,0.76,0.88,0.22907616
1.0,0.8,0.88,0.2442897
1.0,0.84,0.88,0.2602473
1.0,0.88,0.88,0.27700365
1.0,0.92,0.88,0.2946086
1.0,0.96,0.88,0.3131165
1.0,1.0,0.88,0.33253232
1.0,0.0,0.92,0.026773605
1.0,0.04,0.92,0.03517421
1.0,0.08,0.92,0.043699514
1.0,0.12,0.92,0.052353334
1.0,0.16,0.92,0.061140258
1.0,0.2,0.92,0.07006693
1.0,0.24,0.92,0.07914999
1.0,0.28,0.92,0.08840616
1.0,0.32,0.92,0.09792295
1.0,0.36,0.92,0.10773359
1.0,0.4,0.92,0.11784735
1.0,0.44,0.92,0.12827833
1.0,0.48,0.92,0.13910148
1.0,0.52,0.92,0.15036246
1.0,0.56,0.92,0.16208881
1.0,0.6,0.92,0.17430945
1.0,0.64,0.92,0.18705525
1.0,0.68,0.92,0.20035942
1.0,0.72,0.92,0.21426108
1.0,0.76,0.92,0.22880383
1.0,0.8,0.92,0.24402641
1.0,0.84,0.92,0.25999084
1.0,0.88,0.92,0.2767524
1.0,0.92,0.92,0.29436082
1.0,0.96,0.92,0.31287038
1.0,1.0,0.92,0.33228433
1.0,0.0,0.96,0.025867488
1.0,0.04,0.96,0.03431898
1.0,0.08,0.96,0.042896185
1.0,0.12,0.96,0.051603217
1.0,0.16,0.96,0.060445208
1.0,0.2,0.96,0.06942998
1.0,0.24,0.96,0.07857354
1.0,0.28,0.96,0.087886825
1.0,0.32,0.96,0.09744312
1.0,0.36,0.96,0.10729541
1.0,0.4,0.96,0.11745332
1.0,0.44,0.96,0.12792695
1.0,0.48,0.96,0.13876806
1.0,0.52,0.96,0.15004644
1.0,0.56,0.96,0.16178955
1.0,0.6,0.96,0.17402641
1.0,0.64,0.96,0.18678778
1.0,0.68,0.96,0.20010652
1.0,0.72,0.96,0.21401976
1.0,0.76,0.96,0.22857219
1.0,0.8,0.96,0.24380378
1.0,0.84,0.96,0.25977546
1.0,0.88,0.96,0.276543
1.0,0.92,0.96,0.29415613
1.0,0.96,0.96,0.31266913
1.0,1.0,0.96,0.33208197
1.0,0.0,1.0,0.024984244
1.0,0.04,1.0,0.03348625
1.0,0.08,1.0,0.042115513
1.0,0.12,1.0,0.0508763
1.0,0.16,1.0,0.05977298
1.0,0.2,1.0,0.06881659
1.0,0.24,1.0,0.07802069
1.0,0.28,1.0,0.087395534
1.0,0.32,1.0,0.096992195
1.0,0.36,1.0,0.10688591
1.0,0.4,1.0,0.11708772
1.0,0.44,1.0,0.12760757
1.0,0.48,1.0,0.13847348
1.0,0.52,1.0,0.14976975
1.0,0.56,1.0,0.16153036
1.0,0.6,1.0,0.1737835
1.0,0.64,1.0,0.18656094
1.0,0.68,1.0,0.19989489
1.0,0.72,1.0,0.21382125
1.0,0.76,1.0,0.22838506
1.0,0.8,1.0,0.24362648
1.0,0.84,1.0,0.25960654
1.0,0.88,1.0,0.27638102
1.0,0.92,1.0,0.29399937
1.0,0.96,1.0,0.31251562
1.0,1.0,1.0,0.331927
